Year,Product,HS Code,Country,Imports,Exports,Trade Volume
2013,Other Chemicals,38.0,China,297608723.6,957377667.1,1254986390.7
2013,Organic Chemicals,29.0,China,806879075.4,2939184017.0,3746063092.4
2013,Optical & Medical Instruments,90.0,Thailand,118639817.4,502586628.8,621226446.2
2013,Optical & Medical Instruments,90.0,Saudi Arabia,1060323.964,59836144.8,60896468.764
2013,Optical & Medical Instruments,90.0,South Korea,183452026.5,816117864.1,999569890.6
2013,Optical & Medical Instruments,90.0,Malaysia,781537795.0,1142860319.0,1924398114.0
2013,Optical & Medical Instruments,90.0,Japan,981895579.7,879955208.7,1861850788.4
2013,Optical & Medical Instruments,90.0,Indonesia,546627264.8,1310825048.0,1857452312.8
2013,Optical & Medical Instruments,90.0,China,899192586.5,2151895405.0,3051087991.5
2013,Organic Chemicals,29.0,Indonesia,97951194.32,1440088475.0,1538039669.32
2013,Machinery & Boilers,84.0,United States,11755659751.0,5753397103.0,17509056854.0
2013,Machinery & Boilers,84.0,Saudi Arabia,4840465.346,305182881.6,310023346.94600004
2013,Machinery & Boilers,84.0,South Korea,1040312709.0,1854538593.0,2894851302.0
2013,Machinery & Boilers,84.0,Malaysia,3950526850.0,5761689065.0,9712215915.0
2013,Machinery & Boilers,84.0,Japan,4654146342.0,2666840665.0,7320987007.0
2013,Machinery & Boilers,84.0,Indonesia,1818225816.0,7297607178.0,9115832994.0
2013,Machinery & Boilers,84.0,China,9550011932.0,5085453004.0,14635464936.0
2013,Jewellery & Precious Metals,71.0,United States,893616922.6,342888153.7,1236505076.3
2013,Jewellery & Precious Metals,71.0,Thailand,172121883.5,360563707.3,532685590.8
2013,Machinery & Boilers,84.0,Thailand,1636157169.0,3259614269.0,4895771438.0
2013,Organic Chemicals,29.0,Japan,265468555.3,374240614.4,639709169.7
2013,Organic Chemicals,29.0,Malaysia,375270744.8,1104657878.0,1479928622.8
2013,Organic Chemicals,29.0,South Korea,164481587.7,552629261.7,717110849.4000001
2013,All Products,99.0,China,34321687954.8,44290501126.72,78612189081.51999
2013,All Products,99.0,Indonesia,14610930467.320002,36352786070.3,50963716537.62
2013,All Products,99.0,Japan,15811745404.88,12834936563.344,28646681968.224
2013,All Products,99.0,Malaysia,33323407671.53,44279212000.520004,77602619672.05
2013,All Products,99.0,Saudi Arabia,12838493783.618,983009819.94,13821503603.557999
2013,All Products,99.0,South Korea,22156949163.5,14332294082.052,36489243245.552
2013,All Products,99.0,Thailand,7709027223.05,12402923542.64,20111950765.69
2013,All Products,99.0,United States,29852001762.04,18921946564.76,48773948326.8
2013,Plastics,39.0,United States,1196633168.0,416916614.0,1613549782.0
2013,Plastics,39.0,Thailand,162683404.7,883973131.2,1046656535.9
2013,Plastics,39.0,Saudi Arabia,2014607135.0,62719334.7,2077326469.7
2013,Plastics,39.0,South Korea,235329679.4,274709435.0,510039114.4
2013,Plastics,39.0,Malaysia,842725633.4,1967288116.0,2810013749.4
2013,Plastics,39.0,Japan,507248360.5,487931303.1,995179663.6
2013,Plastics,39.0,Indonesia,167605477.5,1700407930.0,1868013407.5
2013,Plastics,39.0,China,585712112.5,4400439566.0,4986151678.5
2013,Organic Chemicals,29.0,United States,738669105.8,477487798.6,1216156904.4
2013,Organic Chemicals,29.0,Thailand,451013943.4,894814831.7,1345828775.1
2013,Organic Chemicals,29.0,Saudi Arabia,1263136167.0,13247839.41,1276384006.41
2013,Jewellery & Precious Metals,71.0,Saudi Arabia,3288903.483,6848317.577,10137221.06
2013,Jewellery & Precious Metals,71.0,South Korea,152285446.7,373230341.3,525515788.0
2013,Optical & Medical Instruments,90.0,United States,3576649684.0,2509212513.0,6085862197.0
2013,Jewellery & Precious Metals,71.0,Japan,1051892684.0,223773136.6,1275665820.6
2013,Cosmetics & Fragrances,33.0,Malaysia,54866184.05,301508051.8,356374235.85
2013,Cosmetics & Fragrances,33.0,Japan,204433102.3,286521615.2,490954717.5
2013,Cosmetics & Fragrances,33.0,Indonesia,57815950.57,458110589.2,515926539.77
2013,Cosmetics & Fragrances,33.0,China,105776387.7,447533797.6,553310185.3000001
2013,Electrical Equipment & AV Gear,85.0,United States,6242365433.0,7531051294.0,13773416727.0
2013,Electrical Equipment & AV Gear,85.0,Thailand,1660285246.0,4927526304.0,6587811550.0
2013,Electrical Equipment & AV Gear,85.0,South Korea,12741596437.0,7857846880.0,20599443317.0
2013,Electrical Equipment & AV Gear,85.0,Malaysia,12538054952.0,12217356871.0,24755411823.0
2013,Electrical Equipment & AV Gear,85.0,Japan,4772986908.0,7469642597.0,12242629505.0
2013,Electrical Equipment & AV Gear,85.0,Indonesia,2243684116.0,6146124140.0,8389808256.0
2013,Jewellery & Precious Metals,71.0,Malaysia,1259195481.0,2686687408.0,3945882889.0
2013,Electrical Equipment & AV Gear,85.0,China,17173528103.0,21601181526.0,38774709629.0
2013,Other Chemicals,38.0,United States,1238005664.0,306150474.1,1544156138.1
2013,Other Chemicals,38.0,Thailand,11205236.55,281834934.9,293040171.45
2013,Other Chemicals,38.0,Saudi Arabia,9272957.639,15719591.39,24992549.029
2013,Other Chemicals,38.0,South Korea,148456838.1,525212777.6,673669615.7
2013,Other Chemicals,38.0,Malaysia,308674755.9,467637440.5,776312196.4
2013,Other Chemicals,38.0,Japan,363365449.4,323361587.3,686727036.7
2013,Other Chemicals,38.0,Indonesia,274812860.8,405363016.4,680175877.2
2013,Cosmetics & Fragrances,33.0,South Korea,38150314.87,491938007.9,530088322.77
2013,Cosmetics & Fragrances,33.0,Saudi Arabia,749479.514,6038167.374,6787646.888
2013,Electrical Equipment & AV Gear,85.0,Saudi Arabia,1062144.441,121090329.5,122152473.941
2013,Cosmetics & Fragrances,33.0,United States,361060838.2,216383421.4,577444259.6
2013,Mineral Fuels & Oils,27.0,United States,3767205479.0,1345994919.0,5113200398.0
2013,Mineral Fuels & Oils,27.0,Thailand,3410934872.0,825561374.4,4236496246.4
2013,Mineral Fuels & Oils,27.0,Saudi Arabia,9540462226.0,390972284.0,9931434510.0
2013,Mineral Fuels & Oils,27.0,South Korea,7435882401.0,1576744734.0,9012627135.0
2013,Mineral Fuels & Oils,27.0,Malaysia,13168724751.0,18545999647.0,31714724398.0
2013,Mineral Fuels & Oils,27.0,Japan,2981599817.0,118825945.9,3100425762.9
2013,Cosmetics & Fragrances,33.0,Thailand,73493324.73,445577973.6,519071298.33
2013,Mineral Fuels & Oils,27.0,Indonesia,7997411122.0,13940617740.0,21938028862.0
2013,Jewellery & Precious Metals,71.0,China,649851776.1,1079020021.0,1728871797.1
2013,Mineral Fuels & Oils,27.0,China,4115606484.0,5597820965.0,9713427449.0
2013,Jewellery & Precious Metals,71.0,Indonesia,1393823760.0,3550696806.0,4944520566.0
2013,Base Metal Products,83.0,Thailand,12492325.77,20870387.74,33362713.51
2013,Base Metal Products,83.0,Saudi Arabia,13981.231,1354929.589,1368910.8199999998
2013,Base Metal Products,83.0,South Korea,17001723.23,9326187.452,26327910.682
2013,Base Metal Products,83.0,Malaysia,43830524.38,83527204.22,127357728.6
2013,Base Metal Products,83.0,Japan,28708606.68,3843890.144,32552496.824
2013,Base Metal Products,83.0,Indonesia,12972905.33,102945147.7,115918053.03
2013,Base Metal Products,83.0,China,137520774.0,30595158.02,168115932.02
2013,Base Metal Products,83.0,United States,82135716.44,22464273.96,104599990.4
2014,Optical & Medical Instruments,90.0,United States,3231533343.0,2655269006.0,5886802349.0
2014,Optical & Medical Instruments,90.0,Saudi Arabia,972327.744,74280008.14,75252335.884
2014,Optical & Medical Instruments,90.0,South Korea,137246784.1,850892910.9,988139695.0
2014,Optical & Medical Instruments,90.0,Malaysia,1021080649.0,1225414450.0,2246495099.0
2014,Organic Chemicals,29.0,China,980740230.6,3522237360.0,4502977590.6
2014,Optical & Medical Instruments,90.0,Japan,937714525.6,978128065.7,1915842591.3
2014,Organic Chemicals,29.0,Indonesia,160830464.0,1602155387.0,1762985851.0
2014,Optical & Medical Instruments,90.0,Thailand,128291093.9,535751331.1,664042425.0
2014,Optical & Medical Instruments,90.0,China,966645832.4,2427552791.0,3394198623.4
2014,Machinery & Boilers,84.0,United States,12008831597.0,5100157834.0,17108989431.0
2014,Machinery & Boilers,84.0,Thailand,1630815071.0,2828021344.0,4458836415.0
2014,Machinery & Boilers,84.0,Saudi Arabia,5175550.809,500144334.2,505319885.009
2014,Machinery & Boilers,84.0,South Korea,859278262.8,1891291968.0,2750570230.8
2014,Machinery & Boilers,84.0,Malaysia,3704007823.0,5524960263.0,9228968086.0
2014,Organic Chemicals,29.0,Japan,336381617.6,299050557.5,635432175.1
2014,Machinery & Boilers,84.0,Japan,4314884325.0,2670232678.0,6985117003.0
2014,Optical & Medical Instruments,90.0,Indonesia,477215252.0,1089600567.0,1566815819.0
2014,Organic Chemicals,29.0,South Korea,145241332.7,579241715.7,724483048.4000001
2014,All Products,99.0,Japan,15528112322.07,12194209395.292,27722321717.362
2014,Organic Chemicals,29.0,Thailand,422684779.1,934977919.5,1357662698.6
2014,Machinery & Boilers,84.0,Indonesia,1794514823.0,6400798888.0,8195313711.0
2014,All Products,99.0,United States,29410956736.38,18758704645.98,48169661382.36
2014,All Products,99.0,Thailand,7106513815.753,12522291081.97,19628804897.723
2014,All Products,99.0,South Korea,20351915590.44,14494200064.107,34846115654.547
2014,All Products,99.0,Saudi Arabia,14583916405.784,958048984.9,15541965390.684002
2014,All Products,99.0,Malaysia,31315070583.27,42357054607.99,73672125191.26
2014,All Products,99.0,Indonesia,13948944707.7,31879221436.81,45828166144.51
2014,All Products,99.0,China,34491595277.5,49599648682.07,84091243959.57
2014,Plastics,39.0,United States,1159088286.0,453686170.6,1612774456.6
2014,Plastics,39.0,Thailand,171089322.9,847229890.6,1018319213.5
2014,Plastics,39.0,Saudi Arabia,2164929441.0,84927337.27,2249856778.27
2014,Plastics,39.0,South Korea,247282688.9,310442120.4,557724809.3
2014,Plastics,39.0,Malaysia,870611647.2,2052839292.0,2923450939.2
2014,Plastics,39.0,Japan,543129212.7,455289903.6,998419116.3
2014,Plastics,39.0,Indonesia,159274761.2,1770020522.0,1929295283.2
2014,Plastics,39.0,China,592007007.9,5112175391.0,5704182398.9
2014,Organic Chemicals,29.0,United States,846135211.5,1037525861.0,1883661072.5
2014,Organic Chemicals,29.0,Saudi Arabia,1513672067.0,33097210.67,1546769277.67
2014,Machinery & Boilers,84.0,China,9536932097.0,5548495787.0,15085427884.0
2014,Organic Chemicals,29.0,Malaysia,371485498.5,1381067925.0,1752553423.5
2014,Jewellery & Precious Metals,71.0,Thailand,140278033.3,690049471.2,830327504.5
2014,Cosmetics & Fragrances,33.0,Saudi Arabia,3114772.795,4046419.547,7161192.342
2014,Cosmetics & Fragrances,33.0,South Korea,44214125.27,617381155.0,661595280.27
2014,Cosmetics & Fragrances,33.0,Malaysia,55538285.89,290264621.1,345802906.99
2014,Cosmetics & Fragrances,33.0,Japan,201475221.3,291892222.5,493367443.8
2014,Cosmetics & Fragrances,33.0,Indonesia,62486566.16,492100771.1,554587337.26
2014,Cosmetics & Fragrances,33.0,China,144088523.3,454386739.7,598475263.0
2014,Other Chemicals,38.0,China,368988825.5,1053755957.0,1422744782.5
2014,Other Chemicals,38.0,Indonesia,239172739.6,369028469.2,608201208.8
2014,Other Chemicals,38.0,Malaysia,337159683.4,419881102.9,757040786.3
2014,Other Chemicals,38.0,South Korea,90639549.71,451709931.8,542349481.51
2014,Other Chemicals,38.0,Saudi Arabia,11821423.37,7788550.273,19609973.643
2014,Other Chemicals,38.0,Thailand,14500692.07,283779479.9,298280171.97
2014,Other Chemicals,38.0,United States,1155978104.0,321609727.4,1477587831.4
2014,Electrical Equipment & AV Gear,85.0,China,16626522457.0,22858394298.0,39484916755.0
2014,Electrical Equipment & AV Gear,85.0,Indonesia,2226740609.0,5223663436.0,7450404045.0
2014,Electrical Equipment & AV Gear,85.0,Japan,4802828012.0,6771847151.0,11574675163.0
2014,Electrical Equipment & AV Gear,85.0,Malaysia,12061069423.0,11352117674.0,23413187097.0
2014,Electrical Equipment & AV Gear,85.0,South Korea,10448194284.0,7817979046.0,18266173330.0
2014,Electrical Equipment & AV Gear,85.0,Saudi Arabia,4854650.647,77173005.65,82027656.297
2014,Electrical Equipment & AV Gear,85.0,Thailand,1753473011.0,4740902263.0,6494375274.0
2014,Electrical Equipment & AV Gear,85.0,United States,5827883533.0,7654552108.0,13482435641.0
2014,Cosmetics & Fragrances,33.0,Thailand,66466347.77,410261071.7,476727419.47
2014,Cosmetics & Fragrances,33.0,United States,385233947.2,199194403.4,584428350.6
2014,Other Chemicals,38.0,Japan,366694579.1,325414919.4,692109498.5
2014,Base Metal Products,83.0,Indonesia,15592531.74,90278975.81,105871507.55
2014,Base Metal Products,83.0,China,142321959.0,35211111.37,177533070.37
2014,Jewellery & Precious Metals,71.0,South Korea,281506938.1,58423246.91,339930185.01
2014,Jewellery & Precious Metals,71.0,Malaysia,1140037670.0,1944336441.0,3084374111.0
2014,Jewellery & Precious Metals,71.0,Japan,1088561943.0,202536968.7,1291098911.7
2014,Jewellery & Precious Metals,71.0,Indonesia,1179379262.0,843360742.7,2022740004.7
2014,Jewellery & Precious Metals,71.0,China,392282646.8,3380667012.0,3772949658.8
2014,Mineral Fuels & Oils,27.0,United States,3336138334.0,767763253.6,4103901587.6
2014,Mineral Fuels & Oils,27.0,Thailand,2769784418.0,1228918582.0,3998703000.0
2014,Mineral Fuels & Oils,27.0,Saudi Arabia,10879349426.0,171546476.7,11050895902.7
2014,Mineral Fuels & Oils,27.0,South Korea,8082316075.0,1909738576.0,9992054651.0
2014,Mineral Fuels & Oils,27.0,Malaysia,11695509787.0,18079246789.0,29774756576.0
2014,Mineral Fuels & Oils,27.0,Japan,2908637304.0,194367257.9,3103004561.9
2014,Mineral Fuels & Oils,27.0,Indonesia,7633737699.0,13998213678.0,21631951377.0
2014,Mineral Fuels & Oils,27.0,China,4741065698.0,5206772235.0,9947837933.0
2014,Jewellery & Precious Metals,71.0,Saudi Arabia,12730.787,4231560.996,4244291.783
2014,Jewellery & Precious Metals,71.0,United States,1386203909.0,538455931.3,1924659840.3
2014,Base Metal Products,83.0,United States,73930471.68,30490350.68,104420822.36
2014,Base Metal Products,83.0,Thailand,9131046.713,22399728.97,31530775.683
2014,Base Metal Products,83.0,Saudi Arabia,14015.632,814081.454,828097.086
2014,Base Metal Products,83.0,South Korea,15995549.86,7099393.397,23094943.257
2014,Base Metal Products,83.0,Malaysia,58570116.28,86926049.99,145496166.26999998
2014,Base Metal Products,83.0,Japan,27805581.77,5449670.992,33255252.762
2015,Organic Chemicals,29.0,Malaysia,231291675.1,1000734390.0,1232026065.1
2015,Organic Chemicals,29.0,Japan,268091975.5,226429857.9,494521833.4
2015,Organic Chemicals,29.0,Indonesia,60028743.86,1158015069.0,1218043812.86
2015,Organic Chemicals,29.0,China,704644668.0,2234411494.0,2939056162.0
2015,Optical & Medical Instruments,90.0,United States,2856794793.0,3041107563.0,5897902356.0
2015,Optical & Medical Instruments,90.0,Thailand,114151177.4,524204437.6,638355615.0
2015,Optical & Medical Instruments,90.0,Saudi Arabia,753148.977,46606046.06,47359195.037
2015,Optical & Medical Instruments,90.0,South Korea,123990398.1,760159482.2,884149880.3000001
2015,Optical & Medical Instruments,90.0,Malaysia,1191685352.0,1071951672.0,2263637024.0
2015,Optical & Medical Instruments,90.0,Japan,865679685.6,1008204768.0,1873884453.6
2015,Optical & Medical Instruments,90.0,Indonesia,290352070.1,872776771.2,1163128841.3000002
2015,Optical & Medical Instruments,90.0,China,1031433576.0,2465698215.0,3497131791.0
2015,Machinery & Boilers,84.0,United States,9647732187.0,5520190926.0,15167923113.0
2015,Machinery & Boilers,84.0,Thailand,1817730573.0,2334770559.0,4152501132.0
2015,Machinery & Boilers,84.0,Saudi Arabia,4675613.571,454954155.6,459629769.171
2015,Organic Chemicals,29.0,South Korea,107499730.4,364748930.9,472248661.3
2015,Organic Chemicals,29.0,Saudi Arabia,857135416.3,18026878.7,875162295.0
2015,Machinery & Boilers,84.0,South Korea,910823639.0,2098595883.0,3009419522.0
2015,Organic Chemicals,29.0,United States,963267983.0,1205648832.0,2168916815.0
2015,All Products,99.0,China,32576608347.3,45901790510.95,78478398858.25
2015,All Products,99.0,Indonesia,10919380251.869999,24121808739.56,35041188991.43
2015,All Products,99.0,Japan,14485300256.11,11413486672.805,25898786928.915
2015,All Products,99.0,Malaysia,25866803814.34,32658120672.83,58524924487.17
2015,All Products,99.0,Saudi Arabia,7951110296.419,712847598.25,8663957894.668999
2015,All Products,99.0,South Korea,16979337915.71,12390248668.621,29369586584.331
2015,All Products,99.0,Thailand,6457414321.18,11223452368.77,17680866689.95
2015,All Products,99.0,United States,23243624866.42,19343638046.11,42587262912.53
2015,Plastics,39.0,United States,1090912786.0,358234249.8,1449147035.8
2015,Plastics,39.0,Thailand,176234545.0,733935055.6,910169600.6
2015,Plastics,39.0,Saudi Arabia,1658068914.0,53340469.53,1711409383.53
2015,Plastics,39.0,South Korea,217718408.6,274770334.3,492488742.9
2015,Plastics,39.0,Malaysia,802792311.8,1559176216.0,2361968527.8
2015,Plastics,39.0,Japan,410510606.4,325582658.7,736093265.0999999
2015,Plastics,39.0,Indonesia,144112430.0,1490835468.0,1634947898.0
2015,Organic Chemicals,29.0,Thailand,321916679.8,610651370.7,932568050.5
2015,Plastics,39.0,China,578247232.6,4248489102.0,4826736334.6
2015,Machinery & Boilers,84.0,Malaysia,3952318738.0,4648963981.0,8601282719.0
2015,Machinery & Boilers,84.0,Indonesia,1655732965.0,5413407227.0,7069140192.0
2015,Cosmetics & Fragrances,33.0,Saudi Arabia,5054275.545,4196268.255,9250543.8
2015,Cosmetics & Fragrances,33.0,South Korea,63992785.69,601080661.8,665073447.49
2015,Cosmetics & Fragrances,33.0,Malaysia,61038683.05,255565169.6,316603852.65
2015,Cosmetics & Fragrances,33.0,Japan,174894623.0,280676725.2,455571348.2
2015,Cosmetics & Fragrances,33.0,Indonesia,68311989.74,489032668.5,557344658.24
2015,Cosmetics & Fragrances,33.0,China,148967920.3,529246292.0,678214212.3
2015,Electrical Equipment & AV Gear,85.0,United States,4705460159.0,7409937215.0,12115397374.0
2015,Electrical Equipment & AV Gear,85.0,Thailand,1724731878.0,5061066322.0,6785798200.0
2015,Electrical Equipment & AV Gear,85.0,Saudi Arabia,534316.29,63845094.18,64379410.47
2015,Electrical Equipment & AV Gear,85.0,South Korea,11270281656.0,6809030406.0,18079312062.0
2015,Cosmetics & Fragrances,33.0,Thailand,66143198.7,466880357.1,533023555.8
2015,Electrical Equipment & AV Gear,85.0,Malaysia,11422295518.0,11399510534.0,22821806052.0
2015,Electrical Equipment & AV Gear,85.0,Indonesia,1986642708.0,4787124822.0,6773767530.0
2015,Machinery & Boilers,84.0,Japan,3909000940.0,2824751040.0,6733751980.0
2015,Other Chemicals,38.0,United States,1132081780.0,367221914.3,1499303694.3
2015,Other Chemicals,38.0,Thailand,26795964.92,324325576.6,351121541.52000004
2015,Other Chemicals,38.0,Saudi Arabia,12429594.31,21884400.69,34313995.0
2015,Other Chemicals,38.0,South Korea,97487831.72,491344458.4,588832290.12
2015,Other Chemicals,38.0,Malaysia,327294153.6,377835170.3,705129323.9000001
2015,Other Chemicals,38.0,Japan,319956613.4,334386039.0,654342652.4
2015,Other Chemicals,38.0,Indonesia,258716505.6,377473762.7,636190268.3
2015,Other Chemicals,38.0,China,279567906.5,1124468444.0,1404036350.5
2015,Electrical Equipment & AV Gear,85.0,Japan,4610786752.0,5712599557.0,10323386309.0
2015,Cosmetics & Fragrances,33.0,United States,404627066.7,200305979.0,604933045.7
2015,Electrical Equipment & AV Gear,85.0,China,16301633099.0,22032838752.0,38334471851.0
2015,Base Metal Products,83.0,Indonesia,11217775.57,75491430.16,86709205.72999999
2015,Base Metal Products,83.0,China,128714912.0,37130360.95,165845272.95
2015,Machinery & Boilers,84.0,China,9558268838.0,5573599475.0,15131868313.0
2015,Jewellery & Precious Metals,71.0,United States,804900847.0,316673709.5,1121574556.5
2015,Jewellery & Precious Metals,71.0,Thailand,392701123.7,505358348.7,898059472.4
2015,Jewellery & Precious Metals,71.0,Saudi Arabia,33730428.69,10372535.71,44102964.4
2015,Jewellery & Precious Metals,71.0,Malaysia,995526852.5,1344418821.0,2339945673.5
2015,Jewellery & Precious Metals,71.0,Japan,1831041403.0,315260730.9,2146302133.9
2015,Jewellery & Precious Metals,71.0,Indonesia,2402667235.0,1411944467.0,3814611702.0
2015,Jewellery & Precious Metals,71.0,China,333605647.9,3909897602.0,4243503249.9
2015,Mineral Fuels & Oils,27.0,United States,1577248503.0,895796924.8,2473045427.8
2015,Mineral Fuels & Oils,27.0,Thailand,1801853592.0,646680027.2,2448533619.2
2015,Jewellery & Precious Metals,71.0,South Korea,142267610.8,48096170.23,190363781.03
2015,Mineral Fuels & Oils,27.0,South Korea,4025131900.0,934262552.6,4959394452.6
2015,Base Metal Products,83.0,Japan,18719079.21,4950875.005,23669954.215
2015,Mineral Fuels & Oils,27.0,Saudi Arabia,5378727992.0,37990784.69,5416718776.69
2015,Base Metal Products,83.0,Malaysia,53886491.29,86122958.93,140009450.22
2015,Base Metal Products,83.0,South Korea,20143955.4,8159789.191,28303744.591
2015,Base Metal Products,83.0,Thailand,15155588.66,15580314.27,30735902.93
2015,Base Metal Products,83.0,Saudi Arabia,596.736,1630964.835,1631561.571
2015,Base Metal Products,83.0,United States,60598761.72,28520732.71,89119494.43
2015,Mineral Fuels & Oils,27.0,China,3511524547.0,3746010774.0,7257535321.0
2015,Mineral Fuels & Oils,27.0,Indonesia,4041597829.0,8045707054.0,12087304883.0
2015,Mineral Fuels & Oils,27.0,Japan,2076618578.0,380644421.1,2457262999.1
2015,Mineral Fuels & Oils,27.0,Malaysia,6828674039.0,10913841760.0,17742515799.0
2016,Organic Chemicals,29.0,Japan,210485270.3,285577073.1,496062343.4
2016,Organic Chemicals,29.0,Saudi Arabia,543548756.9,20462389.1,564011146.0
2016,Organic Chemicals,29.0,South Korea,103265479.7,240234709.0,343500188.7
2016,Organic Chemicals,29.0,Malaysia,268496455.6,779247966.0,1047744421.6
2016,Organic Chemicals,29.0,Thailand,155885973.6,502521448.6,658407422.2
2016,Organic Chemicals,29.0,Indonesia,110448627.3,779742462.1,890191089.4
2016,Optical & Medical Instruments,90.0,South Korea,141841477.4,820352182.4,962193659.8
2016,Optical & Medical Instruments,90.0,United States,3080867342.0,2891212966.0,5972080308.0
2016,Optical & Medical Instruments,90.0,Thailand,117505933.7,473097351.4,590603285.1
2016,Optical & Medical Instruments,90.0,Saudi Arabia,589522.972,47248344.56,47837867.532000005
2016,Optical & Medical Instruments,90.0,Malaysia,1265157693.0,1005312544.0,2270470237.0
2016,Optical & Medical Instruments,90.0,Japan,938238777.3,1166480620.0,2104719397.3
2016,Organic Chemicals,29.0,United States,869657321.0,1163655371.0,2033312692.0
2016,Organic Chemicals,29.0,China,637894602.1,2029936082.0,2667830684.1
2016,Plastics,39.0,China,588759404.5,4137307473.0,4726066877.5
2016,All Products,99.0,Malaysia,25703070313.84,30126704169.309998,55829774483.15
2016,Plastics,39.0,Japan,434870035.3,498882074.1,933752109.4
2016,Plastics,39.0,Malaysia,779860735.2,1488849303.0,2268710038.2
2016,Plastics,39.0,South Korea,211901289.9,244112314.2,456013604.1
2016,Plastics,39.0,Saudi Arabia,1761153290.0,53882555.56,1815035845.56
2016,Plastics,39.0,Thailand,184333323.7,704782334.3,889115658.0
2016,Plastics,39.0,United States,1077260736.0,337548262.6,1414808998.6
2016,All Products,99.0,United States,23226961412.510002,19450493473.91,42677454886.42
2016,All Products,99.0,Thailand,5761062218.663,10992336642.14,16753398860.803
2016,All Products,99.0,South Korea,15729040467.26,12546438513.99,28275478981.25
2016,All Products,99.0,Saudi Arabia,8099769064.66,586960206.758,8686729271.418
2016,All Products,99.0,Japan,16012548178.69,10414988327.939,26427536506.629
2016,All Products,99.0,Indonesia,10012159644.33,21498633400.79,31510793045.12
2016,All Products,99.0,China,31675356874.199997,39125783124.63,70801139998.83
2016,Optical & Medical Instruments,90.0,Indonesia,272460345.2,870405439.0,1142865784.2
2016,Plastics,39.0,Indonesia,134641765.8,1406484937.0,1541126702.8
2016,Optical & Medical Instruments,90.0,China,1405767270.0,2401662271.0,3807429541.0
2016,Mineral Fuels & Oils,27.0,Indonesia,3012922494.0,6671223711.0,9684146205.0
2016,Machinery & Boilers,84.0,Thailand,1321278155.0,2001297027.0,3322575182.0
2016,Base Metal Products,83.0,South Korea,17107356.0,9468759.75,26576115.75
2016,Base Metal Products,83.0,Malaysia,57819969.07,78415882.51,136235851.58
2016,Base Metal Products,83.0,Japan,13819269.69,6608816.739,20428086.429
2016,Base Metal Products,83.0,Indonesia,10410594.69,61156408.39,71567003.08
2016,Base Metal Products,83.0,China,116348959.8,22728837.43,139077797.23
2016,Cosmetics & Fragrances,33.0,United States,451141593.3,219219756.8,670361350.1
2016,Cosmetics & Fragrances,33.0,Thailand,71351593.23,518711120.1,590062713.33
2016,Cosmetics & Fragrances,33.0,Saudi Arabia,4270065.578,3346338.108,7616403.686
2016,Cosmetics & Fragrances,33.0,South Korea,114174548.8,837174705.3,951349254.1
2016,Cosmetics & Fragrances,33.0,Malaysia,65569780.17,286760968.5,352330748.67
2016,Cosmetics & Fragrances,33.0,Japan,217805156.6,319539971.8,537345128.4
2016,Cosmetics & Fragrances,33.0,Indonesia,66799991.64,527805560.2,594605551.84
2016,Cosmetics & Fragrances,33.0,China,149733541.0,577767266.2,727500807.2
2016,Base Metal Products,83.0,Saudi Arabia,250024.306,1019665.044,1269689.35
2016,Electrical Equipment & AV Gear,85.0,United States,4539005777.0,7256463687.0,11795469464.0
2016,Electrical Equipment & AV Gear,85.0,Saudi Arabia,631600.581,73896832.46,74528433.041
2016,Electrical Equipment & AV Gear,85.0,South Korea,11670830117.0,6905745840.0,18576575957.0
2016,Electrical Equipment & AV Gear,85.0,Malaysia,11612526618.0,11640720811.0,23253247429.0
2016,Electrical Equipment & AV Gear,85.0,Japan,6253862794.0,4574631208.0,10828494002.0
2016,Electrical Equipment & AV Gear,85.0,Indonesia,2011978116.0,4895500960.0,6907479076.0
2016,Electrical Equipment & AV Gear,85.0,China,15775050491.0,18932950195.0,34708000686.0
2016,Other Chemicals,38.0,United States,1069646798.0,442899070.9,1512545868.9
2016,Other Chemicals,38.0,Thailand,24880161.94,302737471.9,327617633.84
2016,Other Chemicals,38.0,Saudi Arabia,11958937.07,19722287.5,31681224.57
2016,Other Chemicals,38.0,South Korea,79059832.65,540418769.8,619478602.4499999
2016,Other Chemicals,38.0,Malaysia,321838928.5,392528355.3,714367283.8
2016,Other Chemicals,38.0,Japan,289541254.5,334265690.0,623806944.5
2016,Other Chemicals,38.0,Indonesia,278529604.7,399482351.7,678011956.4
2016,Electrical Equipment & AV Gear,85.0,Thailand,1886155689.0,4546613372.0,6432769061.0
2016,Base Metal Products,83.0,Thailand,8844840.793,17801300.54,26646141.333
2016,Machinery & Boilers,84.0,United States,10081590799.0,5782361966.0,15863952765.0
2016,Jewellery & Precious Metals,71.0,United States,865112382.6,476899547.2,1342011929.8
2016,Machinery & Boilers,84.0,Saudi Arabia,8951569.615,270988734.2,279940303.815
2016,Machinery & Boilers,84.0,South Korea,779329170.5,2169943220.0,2949272390.5
2016,Machinery & Boilers,84.0,Malaysia,4128499934.0,4228653753.0,8357153687.0
2016,Machinery & Boilers,84.0,Japan,4057957666.0,2583218446.0,6641176112.0
2016,Machinery & Boilers,84.0,Indonesia,1421731963.0,4954048642.0,6375780605.0
2016,Machinery & Boilers,84.0,China,8648346100.0,4807681998.0,13456028098.0
2016,Base Metal Products,83.0,United States,57035590.61,24508336.01,81543926.62
2016,Jewellery & Precious Metals,71.0,Thailand,579742069.7,967631419.4,1547373489.1
2016,Jewellery & Precious Metals,71.0,Saudi Arabia,1152535.638,8923136.976,10075672.614
2016,Jewellery & Precious Metals,71.0,South Korea,80078683.31,46403337.34,126482020.65
2016,Jewellery & Precious Metals,71.0,Malaysia,876477673.3,1065909278.0,1942386951.3
2016,Jewellery & Precious Metals,71.0,Japan,2550963645.0,261128003.9,2812091648.9
2016,Jewellery & Precious Metals,71.0,Indonesia,2692236142.0,932782929.4,3625019071.4
2016,Mineral Fuels & Oils,27.0,United States,1135643073.0,855724510.4,1991367583.4
2016,Jewellery & Precious Metals,71.0,China,329256722.0,1812138555.0,2141395277.0
2016,Mineral Fuels & Oils,27.0,Saudi Arabia,5767262762.0,87469923.25,5854732685.25
2016,Mineral Fuels & Oils,27.0,South Korea,2531452512.0,732584676.2,3264037188.2
2016,Mineral Fuels & Oils,27.0,Malaysia,6326822527.0,9160305308.0,15487127835.0
2016,Mineral Fuels & Oils,27.0,Japan,1045004310.0,384656424.3,1429660734.3
2016,Other Chemicals,38.0,China,312179189.8,1157664031.0,1469843220.8
2016,Mineral Fuels & Oils,27.0,China,3712020594.0,3245946416.0,6957967010.0
2016,Mineral Fuels & Oils,27.0,Thailand,1411084478.0,957143796.9,2368228274.9
2017,Plastics,39.0,China,726542734.2,4801060779.0,5527603513.2
2017,Organic Chemicals,29.0,United States,853269810.7,626613874.7,1479883685.4
2017,Optical & Medical Instruments,90.0,United States,3310308865.0,3232596898.0,6542905763.0
2017,Organic Chemicals,29.0,China,735720565.2,2812659116.0,3548379681.2
2017,Organic Chemicals,29.0,Indonesia,65068576.99,1288000772.0,1353069348.99
2017,Organic Chemicals,29.0,South Korea,102213687.2,305569131.9,407782819.1
2017,Organic Chemicals,29.0,Malaysia,329524702.6,824461092.1,1153985794.7
2017,Organic Chemicals,29.0,Saudi Arabia,717352051.5,36661936.48,754013987.98
2017,Organic Chemicals,29.0,Thailand,109888311.6,609066431.2,718954742.8000001
2017,Plastics,39.0,Indonesia,159813622.5,1572297489.0,1732111111.5
2017,Organic Chemicals,29.0,Japan,254033012.6,515758451.4,769791464.0
2017,Plastics,39.0,Japan,470664797.2,392571310.5,863236107.7
2017,All Products,99.0,China,37409606761.6,48097455621.979996,85507062383.58
2017,Plastics,39.0,South Korea,222849816.2,282647293.3,505497109.5
2017,Plastics,39.0,Saudi Arabia,2398229046.0,39142165.37,2437371211.37
2017,Plastics,39.0,Thailand,183443192.9,732004810.7,915448003.6
2017,Plastics,39.0,United States,1186576444.0,365841667.9,1552418111.9
2017,Optical & Medical Instruments,90.0,Thailand,141103551.6,486254510.1,627358061.7
2017,All Products,99.0,United States,26183505670.68,20985884711.26,47169390381.94
2017,All Products,99.0,Thailand,5851568320.418,11890134205.0,17741702525.418
2017,All Products,99.0,South Korea,15085142963.87,14522349997.18,29607492961.05
2017,All Products,99.0,Saudi Arabia,9052960263.230999,576252883.261,9629213146.491999
2017,All Products,99.0,Malaysia,32117149429.879997,33921269845.7,66038419275.58
2017,All Products,99.0,Japan,15562465252.57,12905603890.692999,28468069143.263
2017,All Products,99.0,Indonesia,10875225721.284,23092877092.16,33968102813.444
2017,Plastics,39.0,Malaysia,805185116.9,1631570068.0,2436755184.9
2017,Optical & Medical Instruments,90.0,Saudi Arabia,690125.733,20135503.84,20825629.573
2017,Optical & Medical Instruments,90.0,South Korea,143617658.4,1070802470.0,1214420128.4
2017,Cosmetics & Fragrances,33.0,Japan,260704267.9,422331267.4,683035535.3
2017,Base Metal Products,83.0,Malaysia,51370240.66,63629588.8,114999829.46
2017,Base Metal Products,83.0,Japan,14221714.87,6465589.793,20687304.663
2017,Base Metal Products,83.0,Indonesia,9758356.174,47314698.06,57073054.234000005
2017,Cosmetics & Fragrances,33.0,United States,511089527.2,272609419.4,783698946.5999999
2017,Cosmetics & Fragrances,33.0,Thailand,66178927.98,600986202.3,667165130.28
2017,Cosmetics & Fragrances,33.0,Saudi Arabia,5858551.874,3399898.134,9258450.008
2017,Cosmetics & Fragrances,33.0,South Korea,153456719.8,1200049636.0,1353506355.8
2017,Cosmetics & Fragrances,33.0,Malaysia,57577056.22,329728412.2,387305468.42
2017,Optical & Medical Instruments,90.0,Malaysia,1252039149.0,1033299994.0,2285339143.0
2017,Cosmetics & Fragrances,33.0,Indonesia,61408423.92,553665962.5,615074386.42
2017,Cosmetics & Fragrances,33.0,China,195837739.4,863439358.0,1059277097.4
2017,Electrical Equipment & AV Gear,85.0,United States,4394641849.0,8134590235.0,12529232084.0
2017,Electrical Equipment & AV Gear,85.0,Thailand,2240934275.0,4987213548.0,7228147823.0
2017,Electrical Equipment & AV Gear,85.0,Saudi Arabia,444140.251,44381564.99,44825705.241
2017,Electrical Equipment & AV Gear,85.0,South Korea,10782102120.0,6184403287.0,16966505407.0
2017,Electrical Equipment & AV Gear,85.0,Malaysia,13976199196.0,13678203208.0,27654402404.0
2017,Electrical Equipment & AV Gear,85.0,Japan,5050959428.0,5593922401.0,10644881829.0
2017,Electrical Equipment & AV Gear,85.0,Indonesia,2251184747.0,5276249536.0,7527434283.0
2017,Electrical Equipment & AV Gear,85.0,China,19108609127.0,19437587176.0,38546196303.0
2017,Other Chemicals,38.0,United States,1308827763.0,719976986.6,2028804749.6
2017,Other Chemicals,38.0,Thailand,28916245.1,331348877.7,360265122.8
2017,Other Chemicals,38.0,Saudi Arabia,11923093.03,18486188.6,30409281.630000003
2017,Other Chemicals,38.0,South Korea,84524838.66,553258917.2,637783755.86
2017,Other Chemicals,38.0,Malaysia,405353034.6,412307161.6,817660196.2
2017,Other Chemicals,38.0,Japan,376141057.9,354531758.7,730672816.5999999
2017,Other Chemicals,38.0,Indonesia,271044118.5,407248559.1,678292677.6
2017,Other Chemicals,38.0,China,443286863.6,1083277786.0,1526564649.6
2017,Base Metal Products,83.0,South Korea,17794159.83,10008086.86,27802246.69
2017,Base Metal Products,83.0,Saudi Arabia,521.576,555509.087,556030.6630000001
2017,Base Metal Products,83.0,China,126676222.0,24278763.98,150954985.98
2017,Base Metal Products,83.0,United States,58845622.28,24037558.16,82883180.44
2017,Optical & Medical Instruments,90.0,Japan,997937375.1,1399511204.0,2397448579.1
2017,Optical & Medical Instruments,90.0,Indonesia,252909312.2,1004451456.0,1257360768.2
2017,Optical & Medical Instruments,90.0,China,1144825621.0,2875674683.0,4020500304.0
2017,Machinery & Boilers,84.0,United States,11467819483.0,6336163980.0,17803983463.0
2017,Machinery & Boilers,84.0,Thailand,1259721190.0,1966582311.0,3226303501.0
2017,Machinery & Boilers,84.0,Saudi Arabia,7680820.342,316635339.7,324316160.042
2017,Machinery & Boilers,84.0,South Korea,960059789.4,3931019376.0,4891079165.4
2017,Machinery & Boilers,84.0,Malaysia,4670714100.0,4529999498.0,9200713598.0
2017,Machinery & Boilers,84.0,Japan,4001121823.0,3596802250.0,7597924073.0
2017,Base Metal Products,83.0,Thailand,5312549.238,14901935.0,20214484.238
2017,Machinery & Boilers,84.0,China,9732171404.0,5552323014.0,15284494418.0
2017,Jewellery & Precious Metals,71.0,United States,789608080.5,370338699.4,1159946779.9
2017,Jewellery & Precious Metals,71.0,Thailand,118526856.0,851368088.0,969894944.0
2017,Jewellery & Precious Metals,71.0,Saudi Arabia,4190564.925,21476946.41,25667511.335
2017,Machinery & Boilers,84.0,Indonesia,1396864141.0,4419063522.0,5815927663.0
2017,Jewellery & Precious Metals,71.0,Malaysia,979263332.9,1053647778.0,2032911110.9
2017,Mineral Fuels & Oils,27.0,China,4899094323.0,6073558744.0,10972653067.0
2017,Jewellery & Precious Metals,71.0,South Korea,85995568.38,58819381.92,144814950.3
2017,Mineral Fuels & Oils,27.0,Japan,1470844293.0,435570409.5,1906414702.5
2017,Mineral Fuels & Oils,27.0,Malaysia,9589923501.0,10364423045.0,19954346546.0
2017,Mineral Fuels & Oils,27.0,South Korea,2532528606.0,925772417.0,3458301023.0
2017,Mineral Fuels & Oils,27.0,Indonesia,3955736495.0,7824603644.0,11780340139.0
2017,Mineral Fuels & Oils,27.0,Thailand,1697543221.0,1310407491.0,3007950712.0
2017,Mineral Fuels & Oils,27.0,United States,2302518226.0,903115392.1,3205633618.1
2017,Jewellery & Precious Metals,71.0,China,296842162.2,4573596202.0,4870438364.2
2017,Jewellery & Precious Metals,71.0,Indonesia,2451437928.0,699981453.5,3151419381.5
2017,Jewellery & Precious Metals,71.0,Japan,2665837483.0,188139248.4,2853976731.4
2017,Mineral Fuels & Oils,27.0,Saudi Arabia,5906591348.0,75377830.65,5981969178.65
2018,Plastics,39.0,Japan,478929927.2,497840934.1,976770861.3
2018,Plastics,39.0,Indonesia,146943715.7,1688920761.0,1835864476.7
2018,Plastics,39.0,China,747288877.0,5679090472.0,6426379349.0
2018,Organic Chemicals,29.0,United States,1006535508.0,303761617.3,1310297125.3
2018,Organic Chemicals,29.0,South Korea,128019875.8,315088206.8,443108082.6
2018,Organic Chemicals,29.0,Saudi Arabia,963078393.0,20689045.97,983767438.97
2018,Organic Chemicals,29.0,Malaysia,234256235.6,893989865.8,1128246101.4
2018,Organic Chemicals,29.0,Japan,256621864.7,935083607.3,1191705472.0
2018,Plastics,39.0,Malaysia,883227477.2,1690838408.0,2574065885.2
2018,Organic Chemicals,29.0,Thailand,92898322.68,546836308.1,639734630.78
2018,Plastics,39.0,South Korea,243968280.7,337238712.5,581206993.2
2018,Organic Chemicals,29.0,Indonesia,68335902.97,1222727102.0,1291063004.97
2018,Plastics,39.0,Thailand,192616101.8,728707412.9,921323514.7
2018,Plastics,39.0,United States,1399731642.0,389734839.5,1789466481.5
2018,All Products,99.0,United States,31062674716.32,24578689928.11,55641364644.43
2018,All Products,99.0,Thailand,6742371016.26,12378161193.810001,19120532210.07
2018,All Products,99.0,South Korea,12947070840.57,13356412504.13,26303483344.7
2018,All Products,99.0,Saudi Arabia,12503924867.554,484250792.344,12988175659.898
2018,All Products,99.0,Malaysia,35735432880.63,38949287982.82,74684720863.45
2018,All Products,99.0,Japan,17124303017.09,15260536965.424,32384839982.514
2018,All Products,99.0,Indonesia,11092940372.9,27622290383.72,38715230756.62
2018,All Products,99.0,China,41337391028.6,44048389049.14,85385780077.73999
2018,Plastics,39.0,Saudi Arabia,3033977535.0,25497095.34,3059474630.34
2018,Organic Chemicals,29.0,China,856107234.2,3633415189.0,4489522423.2
2018,Cosmetics & Fragrances,33.0,Thailand,71877678.18,720882025.5,792759703.6800001
2018,Optical & Medical Instruments,90.0,Thailand,150742197.0,522259436.5,673001633.5
2018,Cosmetics & Fragrances,33.0,Japan,399715915.5,596153803.9,995869719.4
2018,Cosmetics & Fragrances,33.0,Malaysia,69901897.54,406433329.5,476335227.04
2018,Cosmetics & Fragrances,33.0,South Korea,214487603.5,1697913364.0,1912400967.5
2018,Cosmetics & Fragrances,33.0,Saudi Arabia,2378393.6,2980855.345,5359248.945
2018,Cosmetics & Fragrances,33.0,United States,632849050.6,301452533.3,934301583.9
2018,Base Metal Products,83.0,China,128009233.2,34193380.14,162202613.34
2018,Cosmetics & Fragrances,33.0,Indonesia,70442939.13,630512709.8,700955648.93
2018,Base Metal Products,83.0,Indonesia,10674167.2,56132030.32,66806197.52
2018,Base Metal Products,83.0,Malaysia,50446654.29,61297737.92,111744392.21
2018,Base Metal Products,83.0,South Korea,15258734.87,10507997.27,25766732.14
2018,Optical & Medical Instruments,90.0,United States,3454503055.0,3640960173.0,7095463228.0
2018,Base Metal Products,83.0,Thailand,4138313.0,13557682.61,17695995.61
2018,Base Metal Products,83.0,United States,67180342.62,28053061.51,95233404.13
2018,Mineral Fuels & Oils,27.0,China,6328211749.0,4669313702.0,10997525451.0
2018,Base Metal Products,83.0,Japan,12925259.99,9003832.724,21929092.714
2018,Mineral Fuels & Oils,27.0,Indonesia,3991358037.0,10287078569.0,14278436606.0
2018,Cosmetics & Fragrances,33.0,China,219579776.7,1383362060.0,1602941836.7
2018,Electrical Equipment & AV Gear,85.0,Thailand,2468685419.0,5426561490.0,7895246909.0
2018,Other Chemicals,38.0,China,409397759.2,1189796160.0,1599193919.2
2018,Other Chemicals,38.0,Indonesia,186563735.3,476691427.6,663255162.9000001
2018,Other Chemicals,38.0,Japan,493810513.7,428124011.2,921934524.9
2018,Other Chemicals,38.0,Malaysia,336755963.5,396731178.6,733487142.1
2018,Other Chemicals,38.0,South Korea,102739218.1,652132205.9,754871424.0
2018,Other Chemicals,38.0,Saudi Arabia,9299007.191,14702776.59,24001783.781
2018,Electrical Equipment & AV Gear,85.0,United States,4458715362.0,9035513816.0,13494229178.0
2018,Other Chemicals,38.0,Thailand,40128371.0,360285625.6,400413996.6
2018,Electrical Equipment & AV Gear,85.0,China,20830764306.0,15696213212.0,36526977518.0
2018,Electrical Equipment & AV Gear,85.0,Indonesia,2652161248.0,5936778608.0,8588939856.0
2018,Electrical Equipment & AV Gear,85.0,Japan,6362767262.0,5367421380.0,11730188642.0
2018,Electrical Equipment & AV Gear,85.0,Malaysia,15226978558.0,15546771559.0,30773750117.0
2018,Electrical Equipment & AV Gear,85.0,South Korea,8203324441.0,5404941730.0,13608266171.0
2018,Electrical Equipment & AV Gear,85.0,Saudi Arabia,1154466.31,58966305.62,60120771.93
2018,Other Chemicals,38.0,United States,1229552729.0,835344456.3,2064897185.3
2018,Mineral Fuels & Oils,27.0,Japan,1231169530.0,526170943.5,1757340473.5
2018,Base Metal Products,83.0,Saudi Arabia,31.851,946131.739,946163.59
2018,Mineral Fuels & Oils,27.0,South Korea,2805196020.0,561432406.4,3366628426.4
2018,Optical & Medical Instruments,90.0,Saudi Arabia,635702.597,30650954.48,31286657.077
2018,Optical & Medical Instruments,90.0,South Korea,151019643.1,1241193294.0,1392212937.1
2018,Optical & Medical Instruments,90.0,Malaysia,1448551758.0,1109704483.0,2558256241.0
2018,Optical & Medical Instruments,90.0,Japan,1073530806.0,1610335407.0,2683866213.0
2018,Optical & Medical Instruments,90.0,Indonesia,215287689.6,803593718.0,1018881407.6
2018,Optical & Medical Instruments,90.0,China,1104764126.0,2810682437.0,3915446563.0
2018,Machinery & Boilers,84.0,United States,14958749692.0,8380583447.0,23339333139.0
2018,Machinery & Boilers,84.0,Thailand,1167885615.0,2330651153.0,3498536768.0
2018,Machinery & Boilers,84.0,Saudi Arabia,8633104.715,230315961.2,238949065.915
2018,Machinery & Boilers,84.0,South Korea,962791672.3,3036842970.0,3999634642.3
2018,Mineral Fuels & Oils,27.0,Malaysia,11656829424.0,13252657406.0,24909486830.0
2018,Machinery & Boilers,84.0,Japan,4527786973.0,5020184915.0,9547971888.0
2018,Machinery & Boilers,84.0,Indonesia,1354678832.0,4870426605.0,6225105437.0
2018,Machinery & Boilers,84.0,China,10404528259.0,6080221961.0,16484750220.0
2018,Machinery & Boilers,84.0,Malaysia,4910231855.0,4383435885.0,9293667740.0
2018,Mineral Fuels & Oils,27.0,United States,2977533625.0,1148031506.0,4125565131.0
2018,Mineral Fuels & Oils,27.0,Saudi Arabia,8480527161.0,81133430.27,8561660591.27
2018,Mineral Fuels & Oils,27.0,Thailand,2278811620.0,995013341.6,3273824961.6
2018,Jewellery & Precious Metals,71.0,China,308739708.3,2872100476.0,3180840184.3
2018,Jewellery & Precious Metals,71.0,Indonesia,2396494106.0,1649428853.0,4045922959.0
2018,Jewellery & Precious Metals,71.0,Japan,2287044965.0,270218130.7,2557263095.7
2018,Jewellery & Precious Metals,71.0,Malaysia,918253057.5,1207428130.0,2125681187.5
2018,Jewellery & Precious Metals,71.0,South Korea,120265351.2,99121617.26,219386968.46
2018,Jewellery & Precious Metals,71.0,Saudi Arabia,4241072.29,18368235.79,22609308.08
2018,Jewellery & Precious Metals,71.0,United States,877323710.1,515254478.2,1392578188.3
2018,Jewellery & Precious Metals,71.0,Thailand,274587378.6,733406718.0,1007994096.6
2019,Plastics,39.0,Saudi Arabia,2998992182.0,28159420.25,3027151602.25
2019,Plastics,39.0,Malaysia,918493633.7,1385181307.0,2303674940.7
2019,Plastics,39.0,Japan,431037937.1,389774795.7,820812732.8
2019,Plastics,39.0,Indonesia,142030903.9,1520937251.0,1662968154.9
2019,Plastics,39.0,China,752327230.4,5535668257.0,6287995487.4
2019,Plastics,39.0,South Korea,178405900.8,272932826.8,451338727.6
2019,Organic Chemicals,29.0,United States,1020824829.0,499548604.6,1520373433.6
2019,Organic Chemicals,29.0,Thailand,111177287.9,426390196.8,537567484.7
2019,Plastics,39.0,Thailand,131130308.4,665013985.9,796144294.3
2019,All Products,99.0,Saudi Arabia,8296254273.484,469703661.424,8765957934.908
2019,Organic Chemicals,29.0,Saudi Arabia,703389189.0,33566633.98,736955822.98
2019,All Products,99.0,Malaysia,34861206240.36,35467432337.03,70328638577.39
2019,All Products,99.0,China,41003623160.9,46369658012.36,87373281173.26
2019,All Products,99.0,Indonesia,11469495774.22,22174340711.16,33643836485.38
2019,All Products,99.0,Japan,14458952822.21,13103617571.16,27562570393.37
2019,All Products,99.0,United States,32349524141.58,27392355477.95,59741879619.53
2019,All Products,99.0,Thailand,6192688716.196,12214846444.54,18407535160.736
2019,All Products,99.0,South Korea,12303732080.73,12701279459.647,25005011540.377
2019,Plastics,39.0,United States,1476109081.0,339125561.6,1815234642.6
2019,Organic Chemicals,29.0,South Korea,120455669.8,266629609.6,387085279.4
2019,Other Chemicals,38.0,Malaysia,264638708.3,364678719.0,629317427.3
2019,Organic Chemicals,29.0,Japan,236854047.9,439655400.7,676509448.6
2019,Base Metal Products,83.0,China,120922121.3,25718654.36,146640775.66
2019,Cosmetics & Fragrances,33.0,United States,628775746.0,309561839.7,938337585.7
2019,Cosmetics & Fragrances,33.0,Thailand,81969242.83,848136227.9,930105470.73
2019,Cosmetics & Fragrances,33.0,Saudi Arabia,4476990.497,3296650.217,7773640.714000001
2019,Cosmetics & Fragrances,33.0,South Korea,214548007.7,2277742950.0,2492290957.7
2019,Cosmetics & Fragrances,33.0,Malaysia,78415872.89,424620571.2,503036444.09
2019,Cosmetics & Fragrances,33.0,Japan,482603078.7,545697775.1,1028300853.8
2019,Cosmetics & Fragrances,33.0,Indonesia,58705186.81,561992229.4,620697416.21
2019,Cosmetics & Fragrances,33.0,China,156061379.4,1890615680.0,2046677059.4
2019,Electrical Equipment & AV Gear,85.0,United States,4384851534.0,9141600861.0,13526452395.0
2019,Organic Chemicals,29.0,Malaysia,295693630.9,694148445.1,989842076.0
2019,Base Metal Products,83.0,Indonesia,10826675.88,59388194.66,70214870.53999999
2019,Electrical Equipment & AV Gear,85.0,Thailand,2408906372.0,4819405874.0,7228312246.0
2019,Electrical Equipment & AV Gear,85.0,South Korea,6963526336.0,4560890518.0,11524416854.0
2019,Electrical Equipment & AV Gear,85.0,Malaysia,14644458903.0,14095048100.0,28739507003.0
2019,Electrical Equipment & AV Gear,85.0,Japan,5860569120.0,4859351425.0,10719920545.0
2019,Electrical Equipment & AV Gear,85.0,Indonesia,2744426562.0,4223684236.0,6968110798.0
2019,Electrical Equipment & AV Gear,85.0,China,19437662640.0,15910076306.0,35347738946.0
2019,Other Chemicals,38.0,United States,1207401096.0,832379914.3,2039781010.3
2019,Other Chemicals,38.0,Thailand,30129414.48,403246477.8,433375892.28
2019,Other Chemicals,38.0,Saudi Arabia,10403327.41,18040086.69,28443414.1
2019,Other Chemicals,38.0,South Korea,109816546.7,628839572.4,738656119.1
2019,Other Chemicals,38.0,Japan,444165973.0,409966499.6,854132472.6
2019,Other Chemicals,38.0,Indonesia,153737062.3,442893423.6,596630485.9000001
2019,Electrical Equipment & AV Gear,85.0,Saudi Arabia,187260.253,41724931.22,41912191.473
2019,Base Metal Products,83.0,Japan,15127859.01,12188337.56,27316196.57
2019,Base Metal Products,83.0,Malaysia,55592806.47,67093269.73,122686076.2
2019,Base Metal Products,83.0,South Korea,13446346.83,5720209.717,19166556.547
2019,Machinery & Boilers,84.0,Saudi Arabia,9105215.676,274874501.0,283979716.676
2019,Machinery & Boilers,84.0,South Korea,1172960172.0,2614542476.0,3787502648.0
2019,Machinery & Boilers,84.0,Malaysia,4782968399.0,4312920731.0,9095889130.0
2019,Machinery & Boilers,84.0,Japan,3799299214.0,4375144411.0,8174443625.0
2019,Machinery & Boilers,84.0,Indonesia,1299790698.0,4440700163.0,5740490861.0
2019,Machinery & Boilers,84.0,China,10527270793.0,6545036211.0,17072307004.0
2019,Jewellery & Precious Metals,71.0,United States,582866879.3,406766467.3,989633346.6
2019,Jewellery & Precious Metals,71.0,Thailand,660539590.8,756138215.9,1416677806.6999998
2019,Jewellery & Precious Metals,71.0,Saudi Arabia,9104387.35,23008008.88,32112396.23
2019,Jewellery & Precious Metals,71.0,South Korea,242483776.0,89693562.43,332177338.43
2019,Jewellery & Precious Metals,71.0,Malaysia,859846843.1,1852966286.0,2712813129.1
2019,Jewellery & Precious Metals,71.0,Japan,1427137938.0,218819952.4,1645957890.4
2019,Jewellery & Precious Metals,71.0,Indonesia,3486458083.0,866939739.2,4353397822.2
2019,Jewellery & Precious Metals,71.0,China,272085179.0,5244498935.0,5516584114.0
2019,Mineral Fuels & Oils,27.0,United States,2212408967.0,1465475694.0,3677884661.0
2019,Mineral Fuels & Oils,27.0,Thailand,1400423177.0,1327211867.0,2727635044.0
2019,Mineral Fuels & Oils,27.0,Saudi Arabia,4559470174.0,13650518.94,4573120692.94
2019,Mineral Fuels & Oils,27.0,South Korea,3080773418.0,737274274.7,3818047692.7
2019,Mineral Fuels & Oils,27.0,Malaysia,11335969333.0,11142352309.0,22478321642.0
2019,Mineral Fuels & Oils,27.0,Japan,737245848.5,259259093.1,996504941.6
2019,Mineral Fuels & Oils,27.0,Indonesia,3280172762.0,8219623463.0,11499796225.0
2019,Mineral Fuels & Oils,27.0,China,7314204474.0,3962014679.0,11276219153.0
2019,Base Metal Products,83.0,United States,73806836.28,29670671.45,103477507.73
2019,Base Metal Products,83.0,Thailand,4363563.386,12472342.74,16835906.126000002
2019,Base Metal Products,83.0,Saudi Arabia,303.475,887675.177,887978.652
2019,Other Chemicals,38.0,China,383919585.1,1170219059.0,1554138644.1
2019,Machinery & Boilers,84.0,Thailand,1246584264.0,2438388399.0,3684972663.0
2019,Machinery & Boilers,84.0,United States,17349406569.0,9897181627.0,27246588196.0
2019,Optical & Medical Instruments,90.0,Malaysia,1625128110.0,1128422599.0,2753550709.0
2019,Organic Chemicals,29.0,Indonesia,66205983.23,1011206938.0,1077412921.23
2019,Organic Chemicals,29.0,China,888415398.7,2965177384.0,3853592782.7
2019,Optical & Medical Instruments,90.0,United States,3413072604.0,4471044237.0,7884116841.0
2019,Optical & Medical Instruments,90.0,China,1150754360.0,3120632847.0,4271387207.0
2019,Optical & Medical Instruments,90.0,Indonesia,227141857.1,826975073.3,1054116930.4
2019,Optical & Medical Instruments,90.0,Japan,1024911806.0,1593759881.0,2618671687.0
2019,Optical & Medical Instruments,90.0,Thailand,117465495.4,518442857.5,635908352.9
2019,Optical & Medical Instruments,90.0,South Korea,207315906.9,1247013460.0,1454329366.9
2019,Optical & Medical Instruments,90.0,Saudi Arabia,1125243.823,32495235.07,33620478.893
2020,Base Metal Products,83.0,China,99659744.49,18797364.67,118457109.16
2020,Jewellery & Precious Metals,71.0,South Korea,570135858.0,112920851.2,683056709.2
2020,Cosmetics & Fragrances,33.0,United States,486889365.2,283060080.0,769949445.2
2020,Cosmetics & Fragrances,33.0,Thailand,94660020.63,598045561.2,692705581.83
2020,Cosmetics & Fragrances,33.0,Saudi Arabia,1645681.733,1026569.683,2672251.416
2020,Jewellery & Precious Metals,71.0,Thailand,3291819742.0,1000002043.0,4291821785.0
2020,Cosmetics & Fragrances,33.0,South Korea,243584289.5,2003588685.0,2247172974.5
2020,Cosmetics & Fragrances,33.0,Malaysia,77780957.6,335088743.2,412869700.8
2020,Cosmetics & Fragrances,33.0,Japan,533882701.8,369407505.2,903290207.0
2020,Cosmetics & Fragrances,33.0,Indonesia,68346546.11,487560756.5,555907302.61
2020,Cosmetics & Fragrances,33.0,China,135003889.1,2661660424.0,2796664313.1
2020,Electrical Equipment & AV Gear,85.0,United States,4400119122.0,10135402059.0,14535521181.0
2020,Electrical Equipment & AV Gear,85.0,Thailand,2709596576.0,5190902950.0,7900499526.0
2020,Electrical Equipment & AV Gear,85.0,Saudi Arabia,570903.33,54828240.2,55399143.53
2020,Base Metal Products,83.0,Indonesia,8226604.18,56748053.54,64974657.72
2020,Base Metal Products,83.0,Japan,13260438.58,8680269.656,21940708.236
2020,Base Metal Products,83.0,Malaysia,46584787.64,60622553.87,107207341.51
2020,Base Metal Products,83.0,South Korea,11308904.01,5255688.867,16564592.877
2020,All Products,99.0,United States,27490236164.93,33066814037.69,60557050202.62
2020,Jewellery & Precious Metals,71.0,Saudi Arabia,12051334.08,10050869.71,22102203.79
2020,All Products,99.0,Thailand,8489380276.432,11559794379.710001,20049174656.142
2020,All Products,99.0,South Korea,14407010385.91,14600091769.867,29007102155.777
2020,All Products,99.0,Saudi Arabia,4978613030.801001,1044094247.132,6022707277.933001
2020,All Products,99.0,Malaysia,35436312540.74,28532848244.170002,63969160784.91
2020,All Products,99.0,Japan,13995390431.58,13296087014.356,27291477445.936
2020,All Products,99.0,Indonesia,10131964754.72,17053871368.54,27185836123.260002
2020,All Products,99.0,China,39659476466.89,46005130271.67,85664606738.56
2020,Jewellery & Precious Metals,71.0,Malaysia,476448899.3,1589717269.0,2066166168.3
2020,Jewellery & Precious Metals,71.0,Japan,2080525903.0,298581692.5,2379107595.5
2020,Electrical Equipment & AV Gear,85.0,South Korea,9866903795.0,6189522069.0,16056425864.0
2020,Jewellery & Precious Metals,71.0,Indonesia,3106823406.0,823683954.8,3930507360.8
2020,Mineral Fuels & Oils,27.0,United States,1920110105.0,1370725971.0,3290836076.0
2020,Mineral Fuels & Oils,27.0,Thailand,742825894.9,806107807.2,1548933702.1
2020,Mineral Fuels & Oils,27.0,Saudi Arabia,2448088343.0,518291758.7,2966380101.7
2020,Mineral Fuels & Oils,27.0,South Korea,1757965075.0,493200007.0,2251165082.0
2020,Mineral Fuels & Oils,27.0,Malaysia,8833851377.0,5828036458.0,14661887835.0
2020,Mineral Fuels & Oils,27.0,Japan,697552652.8,181154660.6,878707313.4
2020,Mineral Fuels & Oils,27.0,Indonesia,2300003871.0,4172270298.0,6472274169.0
2020,Mineral Fuels & Oils,27.0,China,4928501147.0,3446878466.0,8375379613.0
2020,Base Metal Products,83.0,United States,56196890.83,26932079.29,83128970.12
2020,Base Metal Products,83.0,Thailand,2845692.072,10887456.91,13733148.982
2020,Base Metal Products,83.0,Saudi Arabia,1950.872,994952.799,996903.671
2020,Jewellery & Precious Metals,71.0,China,694537127.6,2140733587.0,2835270714.6
2020,Electrical Equipment & AV Gear,85.0,Malaysia,16513379953.0,13811183889.0,30324563842.0
2020,Electrical Equipment & AV Gear,85.0,Japan,5277396864.0,4439034017.0,9716430881.0
2020,Electrical Equipment & AV Gear,85.0,Indonesia,2852492112.0,4882227254.0,7734719366.0
2020,Organic Chemicals,29.0,Indonesia,71453730.43,719834499.2,791288229.6300001
2020,Organic Chemicals,29.0,China,986188158.9,2274299408.0,3260487566.9
2020,Optical & Medical Instruments,90.0,United States,3033660896.0,4642498384.0,7676159280.0
2020,Optical & Medical Instruments,90.0,Saudi Arabia,789959.756,28235703.99,29025663.746
2020,Optical & Medical Instruments,90.0,South Korea,453429661.7,1271254726.0,1724684387.7
2020,Optical & Medical Instruments,90.0,Malaysia,1935508766.0,1023964527.0,2959473293.0
2020,Optical & Medical Instruments,90.0,Japan,942025523.3,1623484176.0,2565509699.3
2020,Optical & Medical Instruments,90.0,Indonesia,228404302.8,705118944.7,933523247.5
2020,Organic Chemicals,29.0,Japan,215486056.8,905873124.1,1121359180.9
2020,Optical & Medical Instruments,90.0,China,1357265664.0,2958825952.0,4316091616.0
2020,Machinery & Boilers,84.0,Thailand,1267343440.0,2168899999.0,3436243439.0
2020,Machinery & Boilers,84.0,Saudi Arabia,10964906.24,350800854.9,361765761.14
2020,Machinery & Boilers,84.0,South Korea,1101218705.0,3454962123.0,4556180828.0
2020,Machinery & Boilers,84.0,Malaysia,6264709121.0,3867409534.0,10132118655.0
2020,Machinery & Boilers,84.0,Japan,3354720477.0,4507732926.0,7862453403.0
2020,Machinery & Boilers,84.0,Indonesia,1182618309.0,3637841613.0,4820459922.0
2020,Machinery & Boilers,84.0,China,10349168111.0,8037128882.0,18386296993.0
2020,Jewellery & Precious Metals,71.0,United States,855773019.1,5849948334.0,6705721353.1
2020,Machinery & Boilers,84.0,United States,13424986399.0,9067044876.0,22492031275.0
2020,Organic Chemicals,29.0,Malaysia,230236959.6,512985762.4,743222722.0
2020,Optical & Medical Instruments,90.0,Thailand,109164286.6,441157594.2,550321880.8
2020,Organic Chemicals,29.0,Saudi Arabia,525472968.6,16650448.64,542123417.24
2020,Electrical Equipment & AV Gear,85.0,China,19891345572.0,18305007084.0,38196352656.0
2020,Other Chemicals,38.0,United States,1102606595.0,692124610.3,1794731205.3
2020,Other Chemicals,38.0,Thailand,53358618.88,282586903.6,335945522.48
2020,Other Chemicals,38.0,Saudi Arabia,12287330.19,15526901.33,27814231.52
2020,Organic Chemicals,29.0,South Korea,104769336.8,214237971.8,319007308.6
2020,Other Chemicals,38.0,Malaysia,276145685.2,317758883.7,593904568.9
2020,Other Chemicals,38.0,Japan,458649223.2,365961906.8,824611130.0
2020,Other Chemicals,38.0,Indonesia,171835766.5,354920123.8,526755890.3
2020,Other Chemicals,38.0,China,490908219.2,1188703773.0,1679611992.2
2020,Plastics,39.0,United States,1427219239.0,359792223.5,1787011462.5
2020,Other Chemicals,38.0,South Korea,131578816.2,597481445.3,729060261.5
2020,Plastics,39.0,Saudi Arabia,1966739653.0,47687947.18,2014427600.18
2020,Plastics,39.0,South Korea,166115944.7,257668202.7,423784147.4
2020,Plastics,39.0,Malaysia,781666034.4,1186080624.0,1967746658.4
2020,Plastics,39.0,Japan,421890591.1,596176736.5,1018067327.6
2020,Plastics,39.0,Indonesia,141760106.7,1213665871.0,1355425977.7
2020,Plastics,39.0,China,726898833.6,4973095331.0,5699994164.6
2020,Organic Chemicals,29.0,United States,782674533.8,639285420.6,1421959954.4
2020,Organic Chemicals,29.0,Thailand,95599557.65,509227301.3,604826858.95
2020,Plastics,39.0,Thailand,122166447.7,551976763.3,674143211.0
2021,Plastics,39.0,Thailand,164301087.9,710155851.9,874456939.8
2021,Plastics,39.0,United States,1546250171.0,446142384.3,1992392555.3
2021,All Products,99.0,United States,31695666339.45,31332362311.920002,63028028651.37
2021,All Products,99.0,Thailand,8378443559.0789995,12761574589.81,21140018148.889
2021,All Products,99.0,South Korea,20800424729.54,17679867858.708,38480292588.248
2021,All Products,99.0,Indonesia,10685078706.106,23536526813.73,34221605519.836002
2021,All Products,99.0,Malaysia,45859447092.83,36549356595.770004,82408803688.6
2021,All Products,99.0,Japan,16989037546.61,13338922835.17,30327960381.780003
2021,All Products,99.0,China,45502932077.8,60024257137.65,105527189215.45
2021,Plastics,39.0,Saudi Arabia,1981804938.0,56695493.84,2038500431.84
2021,All Products,99.0,Saudi Arabia,6105988700.901,662674237.801,6768662938.702
2021,Plastics,39.0,South Korea,221949585.7,287489725.9,509439311.6
2021,Optical & Medical Instruments,90.0,Thailand,162854928.6,478880954.5,641735883.1
2021,Plastics,39.0,Japan,546349679.0,411472681.8,957822360.8
2021,Cosmetics & Fragrances,33.0,Saudi Arabia,5273704.359,893306.94,6167011.299000001
2021,Cosmetics & Fragrances,33.0,Thailand,116222310.5,570250202.2,686472512.7
2021,Cosmetics & Fragrances,33.0,United States,449979100.2,363340278.1,813319378.3
2021,Base Metal Products,83.0,China,153705186.6,23282602.65,176987789.25
2021,Base Metal Products,83.0,Indonesia,8712675.896,58109457.03,66822132.926
2021,Base Metal Products,83.0,Japan,12273127.91,21425663.37,33698791.28
2021,Base Metal Products,83.0,Malaysia,65798656.9,69512868.17,135311525.07
2021,Base Metal Products,83.0,South Korea,15659345.54,4951439.108,20610784.648
2021,Base Metal Products,83.0,Saudi Arabia,3813.222,1048883.858,1052697.08
2021,Base Metal Products,83.0,Thailand,7143359.089,15249694.01,22393053.099
2021,Base Metal Products,83.0,United States,69187084.45,31657659.92,100844744.37
2021,Mineral Fuels & Oils,27.0,China,5004139423.0,4548366856.0,9552506279.0
2021,Mineral Fuels & Oils,27.0,Indonesia,3948534904.0,6786722275.0,10735257179.0
2021,Mineral Fuels & Oils,27.0,Malaysia,11944320772.0,8342367127.0,20286687899.0
2021,Mineral Fuels & Oils,27.0,South Korea,3502995738.0,1315163039.0,4818158777.0
2021,Mineral Fuels & Oils,27.0,Saudi Arabia,3522250394.0,214690522.2,3736940916.2
2021,Mineral Fuels & Oils,27.0,Thailand,1271362089.0,888689581.4,2160051670.4
2021,Cosmetics & Fragrances,33.0,South Korea,223151865.6,2254193150.0,2477345015.6
2021,Mineral Fuels & Oils,27.0,United States,3130500526.0,2492871543.0,5623372069.0
2021,Cosmetics & Fragrances,33.0,Malaysia,77611185.13,333026570.8,410637755.93
2021,Cosmetics & Fragrances,33.0,Indonesia,79385102.91,549375206.6,628760309.51
2021,Other Chemicals,38.0,China,603159242.7,1477592315.0,2080751557.7
2021,Other Chemicals,38.0,Indonesia,227391802.8,489560617.9,716952420.7
2021,Other Chemicals,38.0,Japan,575348308.5,456882928.2,1032231236.7
2021,Other Chemicals,38.0,Malaysia,384140471.8,313481736.1,697622207.9000001
2021,Other Chemicals,38.0,South Korea,524442919.9,791741576.8,1316184496.6999998
2021,Other Chemicals,38.0,Saudi Arabia,19620944.32,22517228.81,42138173.13
2021,Other Chemicals,38.0,Thailand,68409359.89,324336693.9,392746053.79
2021,Other Chemicals,38.0,United States,1250474091.0,774252421.5,2024726512.5
2021,Electrical Equipment & AV Gear,85.0,China,23374245892.0,24744005815.0,48118251707.0
2021,Electrical Equipment & AV Gear,85.0,Indonesia,3608900182.0,6627335773.0,10236235955.0
2021,Electrical Equipment & AV Gear,85.0,Japan,6256913149.0,5421270447.0,11678183596.0
2021,Electrical Equipment & AV Gear,85.0,Malaysia,20862877907.0,16018008244.0,36880886151.0
2021,Electrical Equipment & AV Gear,85.0,South Korea,13807202295.0,6237920581.0,20045122876.0
2021,Electrical Equipment & AV Gear,85.0,Saudi Arabia,749060.269,55582018.93,56331079.199
2021,Electrical Equipment & AV Gear,85.0,Thailand,4068226314.0,6381309548.0,10449535862.0
2021,Electrical Equipment & AV Gear,85.0,United States,4608012857.0,11178367584.0,15786380441.0
2021,Cosmetics & Fragrances,33.0,China,115627899.7,3194657262.0,3310285161.7
2021,Cosmetics & Fragrances,33.0,Japan,743257835.7,400399927.5,1143657763.2
2021,Plastics,39.0,Malaysia,980571519.5,1533254560.0,2513826079.5
2021,Jewellery & Precious Metals,71.0,China,623933466.7,2413372064.0,3037305530.7
2021,Jewellery & Precious Metals,71.0,Japan,2213125323.0,375320709.4,2588446032.4
2021,Plastics,39.0,Indonesia,165571472.1,1721643280.0,1887214752.1
2021,Plastics,39.0,China,927889136.1,5890685899.0,6818575035.1
2021,Organic Chemicals,29.0,United States,744131705.8,714656161.5,1458787867.3
2021,Organic Chemicals,29.0,Thailand,164134491.1,746236596.8,910371087.9
2021,Organic Chemicals,29.0,Saudi Arabia,555602594.5,21884587.55,577487182.05
2021,Organic Chemicals,29.0,South Korea,148750153.8,296879903.3,445630057.1
2021,Organic Chemicals,29.0,Malaysia,439057520.1,815894162.7,1254951682.8000002
2021,Organic Chemicals,29.0,Japan,322752763.5,350029088.9,672781852.4
2021,Organic Chemicals,29.0,Indonesia,100896875.3,1135259701.0,1236156576.3
2021,Organic Chemicals,29.0,China,1529626316.0,2979887779.0,4509514095.0
2021,Jewellery & Precious Metals,71.0,Indonesia,1083685369.0,1100362109.0,2184047478.0
2021,Optical & Medical Instruments,90.0,Saudi Arabia,641492.877,23497284.87,24138777.747
2021,Optical & Medical Instruments,90.0,South Korea,559287767.9,1299836471.0,1859124238.9
2021,Optical & Medical Instruments,90.0,Malaysia,2289483908.0,1143639842.0,3433123750.0
2021,Optical & Medical Instruments,90.0,Japan,1004365646.0,1554238022.0,2558603668.0
2021,Optical & Medical Instruments,90.0,United States,3278922270.0,4705019858.0,7983942128.0
2021,Optical & Medical Instruments,90.0,China,1484526000.0,3617571869.0,5102097869.0
2021,Jewellery & Precious Metals,71.0,Malaysia,712819394.4,3274211210.0,3987030604.4
2021,Jewellery & Precious Metals,71.0,South Korea,101473058.1,149623678.6,251096736.7
2021,Optical & Medical Instruments,90.0,Indonesia,234688013.1,763039043.2,997727056.3
2021,Jewellery & Precious Metals,71.0,Thailand,1086764486.0,638724054.1,1725488540.1
2021,Jewellery & Precious Metals,71.0,United States,1686786601.0,786692983.6,2473479584.6
2021,Machinery & Boilers,84.0,China,11686079515.0,11134834676.0,22820914191.0
2021,Jewellery & Precious Metals,71.0,Saudi Arabia,17291209.45,565936.303,17857145.753
2021,Machinery & Boilers,84.0,Japan,4226727684.0,3891345034.0,8118072718.0
2021,Machinery & Boilers,84.0,Malaysia,8102765758.0,4705960275.0,12808726033.0
2021,Machinery & Boilers,84.0,South Korea,1695512000.0,5042068294.0,6737580294.0
2021,Machinery & Boilers,84.0,Saudi Arabia,2750549.904,265298974.5,268049524.404
2021,Machinery & Boilers,84.0,Thailand,1269025133.0,2007741413.0,3276766546.0
2021,Machinery & Boilers,84.0,United States,14931421933.0,9839361438.0,24770783371.0
2021,Machinery & Boilers,84.0,Indonesia,1227312309.0,4305119351.0,5532431660.0
2021,Mineral Fuels & Oils,27.0,Japan,1087924030.0,456538333.0,1544462363.0
2022,All Products,99.0,China,52185272277.8,57396279442.99,109581551720.79
2022,All Products,99.0,Indonesia,13954160504.508,30380317694.56,44334478199.068
2022,All Products,99.0,Japan,21024623854.59,15571781136.22,36596404990.81
2022,All Products,99.0,Malaysia,50398175883.049995,45131942795.020004,95530118678.06999
2022,All Products,99.0,Saudi Arabia,9016845264.493,779321232.658,9796166497.151001
2022,All Products,99.0,South Korea,29177101065.7,18582219823.952,47759320889.652
2022,All Products,99.0,Thailand,11551744093.726,14394893694.11,25946637787.836002
2022,All Products,99.0,United States,41098898967.17,36200716808.06,77299615775.23
2022,Base Metal Products,83.0,Thailand,8852414.636,13676654.71,22529069.346
2022,Plastics,39.0,Malaysia,1004840190.0,1517374663.0,2522214853.0
2022,Jewellery & Precious Metals,71.0,Thailand,1290887274.0,1196763109.0,2487650383.0
2022,Jewellery & Precious Metals,71.0,Saudi Arabia,31897326.59,2018646.031,33915972.621
2022,Jewellery & Precious Metals,71.0,South Korea,448215236.4,66302352.15,514517588.55
2022,Jewellery & Precious Metals,71.0,Malaysia,917397346.5,3069058960.0,3986456306.5
2022,Jewellery & Precious Metals,71.0,Japan,3093855325.0,473753637.9,3567608962.9
2022,Jewellery & Precious Metals,71.0,Indonesia,1259300068.0,1962833751.0,3222133819.0
2022,Jewellery & Precious Metals,71.0,China,609696888.2,1230869144.0,1840566032.2
2022,Mineral Fuels & Oils,27.0,United States,9910769554.0,3182572045.0,13093341599.0
2022,Mineral Fuels & Oils,27.0,Thailand,1905143887.0,1110312706.0,3015456593.0
2022,Mineral Fuels & Oils,27.0,Saudi Arabia,5887247149.0,173256377.6,6060503526.6
2022,Mineral Fuels & Oils,27.0,South Korea,6802129888.0,567050115.5,7369180003.5
2022,Mineral Fuels & Oils,27.0,Malaysia,16128468263.0,13228565767.0,29357034030.0
2022,Mineral Fuels & Oils,27.0,Japan,2389108135.0,997644703.2,3386752838.2
2022,Mineral Fuels & Oils,27.0,Indonesia,4772573698.0,10239691909.0,15012265607.0
2022,Mineral Fuels & Oils,27.0,China,7524462747.0,2930320845.0,10454783592.0
2022,Base Metal Products,83.0,United States,82193236.07,22987975.06,105181211.13
2022,Base Metal Products,83.0,Saudi Arabia,60134.188,952272.967,1012407.155
2022,Jewellery & Precious Metals,71.0,United States,1543040981.0,1899661252.0,3442702233.0
2022,Optical & Medical Instruments,90.0,China,1600836518.0,3850874200.0,5451710718.0
2022,Optical & Medical Instruments,90.0,Indonesia,264809509.2,764861995.7,1029671504.9
2022,Optical & Medical Instruments,90.0,Japan,1119263486.0,1678655917.0,2797919403.0
2022,Plastics,39.0,China,1028622356.0,5445782081.0,6474404437.0
2022,Plastics,39.0,South Korea,224289281.0,279946791.1,504236072.1
2022,Plastics,39.0,Saudi Arabia,2195287696.0,76344052.09,2271631748.09
2022,Plastics,39.0,Thailand,151908974.6,693899319.1,845808293.7
2022,Plastics,39.0,United States,1551899299.0,588381061.3,2140280360.3
2022,Organic Chemicals,29.0,United States,741304755.4,303904215.1,1045208970.5
2022,Organic Chemicals,29.0,Thailand,148551849.1,708313682.2,856865531.3000001
2022,Organic Chemicals,29.0,Saudi Arabia,859641340.8,20841094.26,880482435.06
2022,Base Metal Products,83.0,South Korea,13456984.5,5923634.902,19380619.402
2022,Organic Chemicals,29.0,South Korea,278161015.7,302701416.8,580862432.5
2022,Organic Chemicals,29.0,Japan,340861136.7,307314338.2,648175474.9
2022,Organic Chemicals,29.0,Indonesia,81943620.26,1106622287.0,1188565907.26
2022,Organic Chemicals,29.0,China,4182214485.0,2134208039.0,6316422524.0
2022,Optical & Medical Instruments,90.0,United States,3673461772.0,5108083099.0,8781544871.0
2022,Optical & Medical Instruments,90.0,Thailand,164767488.1,510299081.5,675066569.6
2022,Optical & Medical Instruments,90.0,Saudi Arabia,1588698.74,31816035.0,33404733.74
2022,Optical & Medical Instruments,90.0,South Korea,935564164.2,1399960289.0,2335524453.2
2022,Optical & Medical Instruments,90.0,Malaysia,2183777906.0,1173704954.0,3357482860.0
2022,Organic Chemicals,29.0,Malaysia,397233210.4,768640996.9,1165874207.3
2022,Base Metal Products,83.0,Malaysia,63098209.27,75105339.32,138203548.59
2022,Base Metal Products,83.0,Japan,15513787.69,19443018.82,34956806.51
2022,Base Metal Products,83.0,Indonesia,8191345.488,77125119.06,85316464.54800001
2022,Electrical Equipment & AV Gear,85.0,Thailand,6266795512.0,7233371534.0,13500167046.0
2022,Plastics,39.0,Japan,518457210.1,424200015.2,942657225.3
2022,Electrical Equipment & AV Gear,85.0,South Korea,17768967602.0,8104732839.0,25873700441.0
2022,Electrical Equipment & AV Gear,85.0,Malaysia,22223960936.0,19258240607.0,41482201543.0
2022,Electrical Equipment & AV Gear,85.0,Japan,7623411164.0,6043719923.0,13667131087.0
2022,Electrical Equipment & AV Gear,85.0,Indonesia,5414696524.0,8345531361.0,13760227885.0
2022,Electrical Equipment & AV Gear,85.0,China,23953994131.0,27050335745.0,51004329876.0
2022,Other Chemicals,38.0,United States,1596933532.0,767709937.9,2364643469.9
2022,Other Chemicals,38.0,Thailand,46417702.29,336615000.8,383032703.09
2022,Other Chemicals,38.0,Saudi Arabia,30979043.71,32547773.15,63526816.86
2022,Other Chemicals,38.0,South Korea,297461579.5,953069020.5,1250530600.0
2022,Other Chemicals,38.0,Malaysia,457622788.1,348720091.5,806342879.6
2022,Other Chemicals,38.0,Japan,558518180.1,571604039.4,1130122219.5
2022,Other Chemicals,38.0,Indonesia,315279761.8,520561172.7,835840934.5
2022,Other Chemicals,38.0,China,666651609.5,1286386914.0,1953038523.5
2022,Electrical Equipment & AV Gear,85.0,United States,4403557943.0,14774584120.0,19178142063.0
2022,Cosmetics & Fragrances,33.0,China,123358301.8,3161984251.0,3285342552.8
2022,Electrical Equipment & AV Gear,85.0,Saudi Arabia,299023.694,54466136.51,54765160.204
2022,Cosmetics & Fragrances,33.0,Japan,786920559.0,353021436.5,1139941995.5
2022,Base Metal Products,83.0,China,164885034.3,17316263.99,182201298.29
2022,Machinery & Boilers,84.0,United States,17141366147.0,9203177804.0,26344543951.0
2022,Machinery & Boilers,84.0,Thailand,1456797137.0,2005431104.0,3462228241.0
2022,Machinery & Boilers,84.0,Saudi Arabia,6901565.268,385579001.0,392480566.268
2022,Cosmetics & Fragrances,33.0,Indonesia,69872592.96,542405851.1,612278444.0600001
2022,Machinery & Boilers,84.0,Malaysia,6947099230.0,5330547033.0,12277646263.0
2022,Machinery & Boilers,84.0,Japan,4578714871.0,4702424107.0,9281138978.0
2022,Machinery & Boilers,84.0,South Korea,2188725141.0,4738265702.0,6926990843.0
2022,Machinery & Boilers,84.0,China,12330550207.0,10288201960.0,22618752167.0
2022,Cosmetics & Fragrances,33.0,United States,454371747.7,349655298.7,804027046.4
2022,Cosmetics & Fragrances,33.0,Thailand,111621855.0,586211502.8,697833357.8
2022,Cosmetics & Fragrances,33.0,Saudi Arabia,2943286.503,1499844.05,4443130.553
2022,Cosmetics & Fragrances,33.0,South Korea,220130173.4,2164267663.0,2384397836.4
2022,Cosmetics & Fragrances,33.0,Malaysia,74677803.78,361984383.3,436662187.08
2022,Machinery & Boilers,84.0,Indonesia,1609132388.0,5126663068.0,6735795456.0
2022,Plastics,39.0,Indonesia,158360996.8,1694021180.0,1852382176.8
2023,All Products,99.0,Thailand,10241139637.039999,15719494553.8,25960634190.84
2023,All Products,99.0,China,48355541655.2,57526290032.97,105881831688.17
2023,All Products,99.0,Indonesia,12361322327.474,29173297257.82,41534619585.294
2023,All Products,99.0,Japan,16660839652.87,14312301736.08,30973141388.95
2023,All Products,99.0,Malaysia,38669821997.14,38370995388.38,77040817385.52
2023,All Products,99.0,Saudi Arabia,6678977942.523001,791230904.466,7470208846.989
2023,All Products,99.0,South Korea,24012611233.52,18462911580.907,42475522814.427
2023,Other Chemicals,38.0,Indonesia,164374444.7,440925166.5,605299611.2
2023,Plastics,39.0,United States,1376072231.0,439941050.0,1816013281.0
2023,Cosmetics & Fragrances,33.0,Thailand,84729813.49,686170096.0,770899909.49
2023,Cosmetics & Fragrances,33.0,United States,480502707.3,370102279.9,850604987.2
2023,Machinery & Boilers,84.0,China,10192943707.0,11859959782.0,22052903489.0
2023,Machinery & Boilers,84.0,Indonesia,1517455624.0,5370496999.0,6887952623.0
2023,Machinery & Boilers,84.0,Japan,3437048001.0,4695236461.0,8132284462.0
2023,Machinery & Boilers,84.0,Malaysia,5789620176.0,5559159483.0,11348779659.0
2023,Machinery & Boilers,84.0,South Korea,1647564004.0,4659711365.0,6307275369.0
2023,Cosmetics & Fragrances,33.0,Saudi Arabia,471823.29,1999410.471,2471233.761
2023,Machinery & Boilers,84.0,Saudi Arabia,15865389.38,442833169.0,458698558.38
2023,Machinery & Boilers,84.0,United States,18238845267.0,9378960385.0,27617805652.0
2023,Base Metal Products,83.0,China,148774611.7,17237754.97,166012366.67
2023,Base Metal Products,83.0,Indonesia,9763631.734,89821776.72,99585408.454
2023,Base Metal Products,83.0,Japan,14739311.67,16506160.78,31245472.45
2023,Base Metal Products,83.0,Malaysia,64718356.87,65194512.18,129912869.05
2023,Base Metal Products,83.0,South Korea,13400038.62,6768453.417,20168492.037
2023,Base Metal Products,83.0,Saudi Arabia,86799.778,1926033.408,2012833.186
2023,Machinery & Boilers,84.0,Thailand,1894618805.0,1958264155.0,3852882960.0
2023,Base Metal Products,83.0,Thailand,10868671.81,11938163.7,22806835.51
2023,Cosmetics & Fragrances,33.0,South Korea,236343423.6,1494381277.0,1730724700.6
2023,Cosmetics & Fragrances,33.0,Japan,570434790.5,402090941.3,972525731.8
2023,Other Chemicals,38.0,Japan,539915016.6,394408815.5,934323832.1
2023,Other Chemicals,38.0,Malaysia,348723440.5,337962912.1,686686352.6
2023,Other Chemicals,38.0,South Korea,227028788.3,830977894.4,1058006682.7
2023,Other Chemicals,38.0,Saudi Arabia,22771903.84,30720816.07,53492719.91
2023,Other Chemicals,38.0,Thailand,39632583.04,304365336.5,343997919.54
2023,Other Chemicals,38.0,United States,1140831315.0,701666489.9,1842497804.9
2023,Electrical Equipment & AV Gear,85.0,China,20933543750.0,24100794411.0,45034338161.0
2023,Cosmetics & Fragrances,33.0,Malaysia,82348398.07,373424885.5,455773283.57
2023,Electrical Equipment & AV Gear,85.0,Indonesia,4929541468.0,8351773485.0,13281314953.0
2023,Electrical Equipment & AV Gear,85.0,Malaysia,17361247951.0,15210681727.0,32571929678.0
2023,Electrical Equipment & AV Gear,85.0,South Korea,16189169928.0,7974880178.0,24164050106.0
2023,Electrical Equipment & AV Gear,85.0,Saudi Arabia,8725381.333,96560274.55,105285655.883
2023,Electrical Equipment & AV Gear,85.0,Thailand,4779816303.0,8217401927.0,12997218230.0
2023,Electrical Equipment & AV Gear,85.0,United States,3906137684.0,13168495995.0,17074633679.0
2023,Cosmetics & Fragrances,33.0,China,111403667.2,2570940567.0,2682344234.2
2023,Cosmetics & Fragrances,33.0,Indonesia,74321755.17,563075536.6,637397291.77
2023,Electrical Equipment & AV Gear,85.0,Japan,6441294309.0,5651388679.0,12092682988.0
2023,Base Metal Products,83.0,United States,61979726.12,30881080.02,92860806.14
2023,Mineral Fuels & Oils,27.0,China,7502120576.0,3583269600.0,11085390176.0
2023,Mineral Fuels & Oils,27.0,Indonesia,3876675873.0,10109034690.0,13985710563.0
2023,Optical & Medical Instruments,90.0,United States,3753204998.0,5622870246.0,9376075244.0
2023,Organic Chemicals,29.0,China,6281752602.0,1310287669.0,7592040271.0
2023,Organic Chemicals,29.0,Indonesia,68193134.97,1066803589.0,1134996723.97
2023,Organic Chemicals,29.0,Japan,306466140.0,163503573.6,469969713.6
2023,Organic Chemicals,29.0,Malaysia,353294849.3,722809407.6,1076104256.9
2023,Organic Chemicals,29.0,South Korea,200431073.4,277749201.2,478180274.6
2023,Organic Chemicals,29.0,Saudi Arabia,429050830.5,18962927.91,448013758.41
2023,Optical & Medical Instruments,90.0,Thailand,118983800.6,578294987.8,697278788.4
2023,Organic Chemicals,29.0,Thailand,111031874.3,647079673.1,758111547.4
2023,Plastics,39.0,China,883925745.3,4080469160.0,4964394905.3
2023,Plastics,39.0,Indonesia,125126157.0,1389844733.0,1514970890.0
2023,Plastics,39.0,Japan,362001852.7,343928223.0,705930075.7
2023,Plastics,39.0,Malaysia,982337369.4,1181721886.0,2164059255.4
2023,Plastics,39.0,South Korea,189509757.6,239057245.4,428567003.0
2023,Plastics,39.0,Saudi Arabia,1477344491.0,47849123.82,1525193614.82
2023,Plastics,39.0,Thailand,124714320.8,580464753.7,705179074.5
2023,Organic Chemicals,29.0,United States,608170356.0,3640702660.0,4248873016.0
2023,Optical & Medical Instruments,90.0,Saudi Arabia,724449.108,49545072.37,50269521.478
2023,Optical & Medical Instruments,90.0,South Korea,163549474.5,1159851347.0,1323400821.5
2023,Optical & Medical Instruments,90.0,Malaysia,1895783081.0,1214467222.0,3110250303.0
2023,Mineral Fuels & Oils,27.0,Japan,1714657782.0,340083403.3,2054741185.3
2023,Mineral Fuels & Oils,27.0,Malaysia,10537128222.0,11571587109.0,22108715331.0
2023,Mineral Fuels & Oils,27.0,South Korea,4664061103.0,1774433060.0,6438494163.0
2023,Mineral Fuels & Oils,27.0,Saudi Arabia,4719169806.0,98388185.21,4817557991.21
2023,Mineral Fuels & Oils,27.0,Thailand,1737981310.0,1065658328.0,2803639638.0
2023,Mineral Fuels & Oils,27.0,United States,8762034551.0,2807536194.0,11569570745.0
2023,Jewellery & Precious Metals,71.0,China,372702971.0,4858616563.0,5231319534.0
2023,Jewellery & Precious Metals,71.0,Indonesia,1305519307.0,1016738575.0,2322257882.0
2023,Jewellery & Precious Metals,71.0,Japan,2358592395.0,446094084.6,2804686479.6
2023,Jewellery & Precious Metals,71.0,Malaysia,1254620153.0,2133986244.0,3388606397.0
2023,Jewellery & Precious Metals,71.0,South Korea,481553642.5,45101559.49,526655201.99
2023,Jewellery & Precious Metals,71.0,Saudi Arabia,4767068.294,2445891.657,7212959.950999999
2023,Jewellery & Precious Metals,71.0,Thailand,1338762155.0,1669857133.0,3008619288.0
2023,Jewellery & Precious Metals,71.0,United States,931835113.8,600513506.8,1532348620.6
2023,Optical & Medical Instruments,90.0,China,1349000494.0,3893602732.0,5242603226.0
2023,Optical & Medical Instruments,90.0,Indonesia,290350931.9,774782707.0,1065133638.9
2023,Optical & Medical Instruments,90.0,Japan,915690054.4,1859061394.0,2774751448.4
2023,Other Chemicals,38.0,China,579373531.0,1251111794.0,1830485325.0
2023,All Products,99.0,United States,39259613949.22,36761669886.619995,76021283835.84
2024,Other Chemicals,38.0,China,1555554820.9700725,,
2024,Electrical Equipment & AV Gear,85.0,China,12789038318.92372,,
2024,Cosmetics & Fragrances,33.0,China,633508310.0412496,,
2024,Machinery & Boilers,84.0,China,8115752128.2704,,
2024,Base Metal Products,83.0,China,66690124.13320435,,
2024,Mineral Fuels & Oils,27.0,China,42872111775.50721,,
2024,Jewellery & Precious Metals,71.0,China,3588963675.353456,,
2024,Optical & Medical Instruments,90.0,China,1049981049.2351096,,
2024,Organic Chemicals,29.0,China,1311502594.918007,,
2024,Plastics,39.0,China,3872187100.427405,,
2024,Other Chemicals,38.0,Indonesia,106969724.03186442,,
2024,Electrical Equipment & AV Gear,85.0,Indonesia,1410614091.3790183,,
2024,Cosmetics & Fragrances,33.0,Indonesia,90895100.31849054,,
2024,Machinery & Boilers,84.0,Indonesia,1464854051.0263596,,
2024,Base Metal Products,83.0,Indonesia,10860239.441314897,,
2024,Mineral Fuels & Oils,27.0,Indonesia,4576302392.44257,,
2024,Jewellery & Precious Metals,71.0,Indonesia,438631482.3790898,,
2024,Optical & Medical Instruments,90.0,Indonesia,285035751.1875527,,
2024,Organic Chemicals,29.0,Indonesia,355596810.8960583,,
2024,Plastics,39.0,Indonesia,350009453.9546204,,
2024,Other Chemicals,38.0,Japan,237122113.26589784,,
2024,Other Chemicals,38.0,Japan,201996091.48077747,,
2024,Electrical Equipment & AV Gear,85.0,Japan,2790472649.666099,,
2024,Electrical Equipment & AV Gear,85.0,Japan,4741533091.79478,,
2024,Cosmetics & Fragrances,33.0,Japan,241645469.8054357,,
2024,Cosmetics & Fragrances,33.0,Japan,176467430.22668895,,
2024,Machinery & Boilers,84.0,Japan,1899703359.9623003,,
2024,Machinery & Boilers,84.0,Japan,2286443703.430213,,
2024,Base Metal Products,83.0,Japan,25595887.220823374,,
2024,Base Metal Products,83.0,Japan,9293174.477477742,,
2024,Mineral Fuels & Oils,27.0,Japan,2457463966.228296,,
2024,Mineral Fuels & Oils,27.0,Japan,4341891198.082986,,
2024,Jewellery & Precious Metals,71.0,Japan,803577939.9234141,,
2024,Jewellery & Precious Metals,71.0,Japan,1264184761.9876468,,
2024,Optical & Medical Instruments,90.0,Japan,443527076.9426749,,
2024,Optical & Medical Instruments,90.0,Japan,372230073.1275881,,
2024,Organic Chemicals,29.0,Japan,406231038.4551626,,
2024,Organic Chemicals,29.0,Japan,298164978.7432271,,
2024,Plastics,39.0,Japan,477480904.8977696,,
2024,Plastics,39.0,Japan,452705407.31846106,,
2024,Other Chemicals,38.0,Malaysia,252970785.2761604,,
2024,Electrical Equipment & AV Gear,85.0,Malaysia,2673249380.275051,,
2024,Cosmetics & Fragrances,33.0,Malaysia,153779152.01804742,,
2024,Machinery & Boilers,84.0,Malaysia,1984674567.586616,,
2024,Base Metal Products,83.0,Malaysia,15427693.647108436,,
2024,Mineral Fuels & Oils,27.0,Malaysia,8757285718.214378,,
2024,Jewellery & Precious Metals,71.0,Malaysia,867727983.3892323,,
2024,Optical & Medical Instruments,90.0,Malaysia,387960719.837387,,
2024,Organic Chemicals,29.0,Malaysia,537259322.7557207,,
2024,Plastics,39.0,Malaysia,707837753.2980673,,
2024,Other Chemicals,38.0,Saudi Arabia,132845857.7112972,,
2024,Electrical Equipment & AV Gear,85.0,Saudi Arabia,1435752286.7264016,,
2024,Cosmetics & Fragrances,33.0,Saudi Arabia,13487728.29658218,,
2024,Machinery & Boilers,84.0,Saudi Arabia,74652098.00121914,,
2024,Base Metal Products,83.0,Saudi Arabia,573786.6107218718,,
2024,Mineral Fuels & Oils,27.0,Saudi Arabia,289369009.6769249,,
2024,Jewellery & Precious Metals,71.0,Saudi Arabia,79255446.09817745,,
2024,Optical & Medical Instruments,90.0,Saudi Arabia,44034638.86127331,,
2024,Organic Chemicals,29.0,Saudi Arabia,20807833.23864793,,
2024,Plastics,39.0,Saudi Arabia,62117391.64393415,,
2024,Other Chemicals,38.0,South Korea,205077378.0199768,,
2024,Electrical Equipment & AV Gear,85.0,South Korea,2328559182.3248825,,
2024,Cosmetics & Fragrances,33.0,South Korea,167105061.6493295,,
2024,Machinery & Boilers,84.0,South Korea,3234578708.075283,,
2024,Base Metal Products,83.0,South Korea,20325904.86560949,,
2024,Mineral Fuels & Oils,27.0,South Korea,7074724524.4176655,,
2024,Jewellery & Precious Metals,71.0,South Korea,636651618.4520483,,
2024,Optical & Medical Instruments,90.0,South Korea,318524295.31425124,,
2024,Organic Chemicals,29.0,South Korea,330952796.2146224,,
2024,Plastics,39.0,South Korea,461909597.00139534,,
2024,Other Chemicals,38.0,Thailand,67058306.46641764,,
2024,Electrical Equipment & AV Gear,85.0,Thailand,691539940.341394,,
2024,Cosmetics & Fragrances,33.0,Thailand,41878331.700537205,,
2024,Machinery & Boilers,84.0,Thailand,850450100.1159388,,
2024,Base Metal Products,83.0,Thailand,7458396.280844744,,
2024,Mineral Fuels & Oils,27.0,Thailand,3170900278.298302,,
2024,Jewellery & Precious Metals,71.0,Thailand,246019465.6837524,,
2024,Optical & Medical Instruments,90.0,Thailand,154345997.89357066,,
2024,Organic Chemicals,29.0,Thailand,176844537.88375494,,
2024,Plastics,39.0,Thailand,203613067.45377424,,
2024,Other Chemicals,38.0,United States,798501671.3614397,,
2024,Electrical Equipment & AV Gear,85.0,United States,10301832402.58817,,
2024,Cosmetics & Fragrances,33.0,United States,390244726.7013722,,
2024,Machinery & Boilers,84.0,United States,5904341284.115347,,
2024,Base Metal Products,83.0,United States,66725407.88819964,,
2024,Mineral Fuels & Oils,27.0,United States,33391122970.245567,,
2024,Jewellery & Precious Metals,71.0,United States,2345457832.7858887,,
2024,Optical & Medical Instruments,90.0,United States,900962300.343277,,
2024,Organic Chemicals,29.0,United States,1481642339.1744337,,
2024,Plastics,39.0,United States,2333722348.163185,,
2024,All Products,99.0,China,75855289897.77983,,
2024,All Products,99.0,Indonesia,9089769097.056938,,
2024,All Products,99.0,Japan,23927730317.03772,,
2024,All Products,99.0,Malaysia,16338173076.297768,,
2024,All Products,99.0,Saudi Arabia,2152896076.86518,,
2024,All Products,99.0,South Korea,14778409066.335064,,
2024,All Products,99.0,Thailand,5610108422.118287,,
2024,All Products,99.0,United States,57914553283.36688,,
2025,Other Chemicals,38.0,China,120240.9348294724,,
2025,Electrical Equipment & AV Gear,85.0,China,1480949.672985472,,
2025,Cosmetics & Fragrances,33.0,China,40556.91089424332,,
2025,Machinery & Boilers,84.0,China,794525.685973067,,
2025,Base Metal Products,83.0,China,5287.438841609064,,
2025,Mineral Fuels & Oils,27.0,China,5487109.570167453,,
2025,Jewellery & Precious Metals,71.0,China,334679.9295368756,,
2025,Optical & Medical Instruments,90.0,China,106208.8830822553,,
2025,Organic Chemicals,29.0,China,143761.03952164995,,
2025,Plastics,39.0,China,301180.17714722845,,
2025,Other Chemicals,38.0,Indonesia,31766.15850981149,,
2025,Electrical Equipment & AV Gear,85.0,Indonesia,422385.5532384464,,
2025,Cosmetics & Fragrances,33.0,Indonesia,11560.298362581025,,
2025,Machinery & Boilers,84.0,Indonesia,229136.4091195468,,
2025,Base Metal Products,83.0,Indonesia,1502.8745155527884,,
2025,Mineral Fuels & Oils,27.0,Indonesia,1567967.839044995,,
2025,Jewellery & Precious Metals,71.0,Indonesia,95411.03864628746,,
2025,Optical & Medical Instruments,90.0,Indonesia,30838.57215958537,,
2025,Organic Chemicals,29.0,Indonesia,41756.05977159637,,
2025,Plastics,39.0,Indonesia,85206.17436892992,,
2025,Other Chemicals,38.0,Japan,36396.92047159758,,
2025,Other Chemicals,38.0,Japan,29584.77275512944,,
2025,Electrical Equipment & AV Gear,85.0,Japan,432803.90926737135,,
2025,Electrical Equipment & AV Gear,85.0,Japan,438208.7786103843,,
2025,Cosmetics & Fragrances,33.0,Japan,11968.856826438345,,
2025,Cosmetics & Fragrances,33.0,Japan,11868.016889473409,,
2025,Machinery & Boilers,84.0,Japan,232425.43805803132,,
2025,Machinery & Boilers,84.0,Japan,233462.09148478287,,
2025,Base Metal Products,83.0,Japan,1555.6555962813104,,
2025,Base Metal Products,83.0,Japan,1507.3338716431176,,
2025,Mineral Fuels & Oils,27.0,Japan,1557550.6624864342,,
2025,Mineral Fuels & Oils,27.0,Japan,1578546.4074886497,,
2025,Jewellery & Precious Metals,71.0,Japan,97668.8453560527,,
2025,Jewellery & Precious Metals,71.0,Japan,98775.1822411844,,
2025,Optical & Medical Instruments,90.0,Japan,31446.34405986128,,
2025,Optical & Medical Instruments,90.0,Japan,31303.40231677841,,
2025,Organic Chemicals,29.0,Japan,42235.48578494475,,
2025,Organic Chemicals,29.0,Japan,41894.60385626882,,
2025,Plastics,39.0,Japan,86581.74186135015,,
2025,Plastics,39.0,Japan,86462.70102742371,,
2025,Other Chemicals,38.0,Malaysia,30841.89745183156,,
2025,Electrical Equipment & AV Gear,85.0,Malaysia,404664.4916251293,,
2025,Cosmetics & Fragrances,33.0,Malaysia,11066.141233806273,,
2025,Machinery & Boilers,84.0,Malaysia,217764.72759376108,,
2025,Base Metal Products,83.0,Malaysia,1433.5619750887397,,
2025,Mineral Fuels & Oils,27.0,Malaysia,1501306.259746651,,
2025,Jewellery & Precious Metals,71.0,Malaysia,91588.04136102129,,
2025,Optical & Medical Instruments,90.0,Malaysia,29329.619757294608,,
2025,Organic Chemicals,29.0,Malaysia,39816.01430599561,,
2025,Plastics,39.0,Malaysia,81853.72652723358,,
2025,Other Chemicals,38.0,Saudi Arabia,20398.153720716156,,
2025,Electrical Equipment & AV Gear,85.0,Saudi Arabia,302033.1056837195,,
2025,Cosmetics & Fragrances,33.0,Saudi Arabia,7807.663812221024,,
2025,Machinery & Boilers,84.0,Saudi Arabia,151434.8905375778,,
2025,Base Metal Products,83.0,Saudi Arabia,968.8424351539254,,
2025,Mineral Fuels & Oils,27.0,Saudi Arabia,1046730.7249403788,,
2025,Jewellery & Precious Metals,71.0,Saudi Arabia,65108.1167946568,,
2025,Optical & Medical Instruments,90.0,Saudi Arabia,20925.74592450958,,
2025,Organic Chemicals,29.0,Saudi Arabia,27544.59759224899,,
2025,Plastics,39.0,Saudi Arabia,58082.0776099498,,
2025,Other Chemicals,38.0,South Korea,39637.74506064797,,
2025,Electrical Equipment & AV Gear,85.0,South Korea,552480.7519460287,,
2025,Cosmetics & Fragrances,33.0,South Korea,15192.547643900714,,
2025,Machinery & Boilers,84.0,South Korea,301777.0702073629,,
2025,Base Metal Products,83.0,South Korea,1980.4506235551987,,
2025,Mineral Fuels & Oils,27.0,South Korea,2046555.965216487,,
2025,Jewellery & Precious Metals,71.0,South Korea,124478.9301062866,,
2025,Optical & Medical Instruments,90.0,South Korea,39968.0916015144,,
2025,Organic Chemicals,29.0,South Korea,53857.64825356681,,
2025,Plastics,39.0,South Korea,110904.86276919275,,
2025,Other Chemicals,38.0,Thailand,18057.655153126485,,
2025,Electrical Equipment & AV Gear,85.0,Thailand,264717.83680849225,,
2025,Cosmetics & Fragrances,33.0,Thailand,7212.353593633105,,
2025,Machinery & Boilers,84.0,Thailand,144221.7147103349,,
2025,Base Metal Products,83.0,Thailand,947.2152537280608,,
2025,Mineral Fuels & Oils,27.0,Thailand,991729.71583037,,
2025,Jewellery & Precious Metals,71.0,Thailand,59948.30563692498,,
2025,Optical & Medical Instruments,90.0,Thailand,19351.16565634758,,
2025,Organic Chemicals,29.0,Thailand,26146.490113841257,,
2025,Plastics,39.0,Thailand,53579.66686635706,,
2025,Other Chemicals,38.0,United States,76339.8623419957,,
2025,Electrical Equipment & AV Gear,85.0,United States,1079570.8293007382,,
2025,Cosmetics & Fragrances,33.0,United States,29339.314941442783,,
2025,Machinery & Boilers,84.0,United States,577784.7272432833,,
2025,Base Metal Products,83.0,United States,3873.043114837209,,
2025,Mineral Fuels & Oils,27.0,United States,3998043.010356172,,
2025,Jewellery & Precious Metals,71.0,United States,242694.81719840103,,
2025,Optical & Medical Instruments,90.0,United States,77500.76173367578,,
2025,Organic Chemicals,29.0,United States,105618.05268543265,,
2025,Plastics,39.0,United States,217988.63451443092,,
2025,All Products,99.0,China,8814500.242979325,,
2025,All Products,99.0,Indonesia,2517530.9777373327,,
2025,All Products,99.0,Japan,5082247.1503100805,,
2025,All Products,99.0,Malaysia,2409664.4815778127,,
2025,All Products,99.0,Saudi Arabia,1701033.9190511324,,
2025,All Products,99.0,South Korea,3286834.063428543,,
2025,All Products,99.0,Thailand,1585912.119623155,,
2025,All Products,99.0,United States,6408753.053430409,,
2026,Other Chemicals,38.0,China,88580.00442119868,,
2026,Electrical Equipment & AV Gear,85.0,China,1148441.3187008994,,
2026,Cosmetics & Fragrances,33.0,China,29055.65288299183,,
2026,Machinery & Boilers,84.0,China,608223.7431977335,,
2026,Base Metal Products,83.0,China,3606.1638727259738,,
2026,Mineral Fuels & Oils,27.0,China,4338160.888698599,,
2026,Jewellery & Precious Metals,71.0,China,252359.01727733552,,
2026,Optical & Medical Instruments,90.0,China,78569.26427596036,,
2026,Organic Chemicals,29.0,China,107183.72917819856,,
2026,Plastics,39.0,China,225725.67707507132,,
2026,Other Chemicals,38.0,Indonesia,23576.293870313028,,
2026,Electrical Equipment & AV Gear,85.0,Indonesia,328747.84548292967,,
2026,Cosmetics & Fragrances,33.0,Indonesia,8175.181754736358,,
2026,Machinery & Boilers,84.0,Indonesia,173789.298996302,,
2026,Base Metal Products,83.0,Indonesia,997.6402170711264,,
2026,Mineral Fuels & Oils,27.0,Indonesia,1247129.3094982824,,
2026,Jewellery & Precious Metals,71.0,Indonesia,71815.03728761757,,
2026,Optical & Medical Instruments,90.0,Indonesia,22253.790163046084,,
2026,Organic Chemicals,29.0,Indonesia,30406.66007709012,,
2026,Plastics,39.0,Indonesia,64183.263912924886,,
2026,Other Chemicals,38.0,Japan,26610.914641906205,,
2026,Other Chemicals,38.0,Japan,21501.647048562067,,
2026,Electrical Equipment & AV Gear,85.0,Japan,331690.75911426026,,
2026,Electrical Equipment & AV Gear,85.0,Japan,331854.1796781735,,
2026,Cosmetics & Fragrances,33.0,Japan,8256.131785980948,,
2026,Cosmetics & Fragrances,33.0,Japan,8252.297313926892,,
2026,Machinery & Boilers,84.0,Japan,175279.52554205575,,
2026,Machinery & Boilers,84.0,Japan,175312.05478461436,,
2026,Base Metal Products,83.0,Japan,1008.0391258119472,,
2026,Base Metal Products,83.0,Japan,1005.8065157200411,,
2026,Mineral Fuels & Oils,27.0,Japan,1256772.730484934,,
2026,Mineral Fuels & Oils,27.0,Japan,1257380.7889523047,,
2026,Jewellery & Precious Metals,71.0,Japan,72463.83488094117,,
2026,Jewellery & Precious Metals,71.0,Japan,72500.43589196874,,
2026,Optical & Medical Instruments,90.0,Japan,22453.08535681512,,
2026,Optical & Medical Instruments,90.0,Japan,22447.994471580943,,
2026,Organic Chemicals,29.0,Japan,30666.103636492437,,
2026,Organic Chemicals,29.0,Japan,30654.077685829943,,
2026,Plastics,39.0,Japan,64742.156147148766,,
2026,Plastics,39.0,Japan,64738.11840381548,,
2026,Other Chemicals,38.0,Malaysia,22326.94552386038,,
2026,Electrical Equipment & AV Gear,85.0,Malaysia,309611.4525069156,,
2026,Cosmetics & Fragrances,33.0,Malaysia,7693.885281910393,,
2026,Machinery & Boilers,84.0,Malaysia,163604.00316111298,,
2026,Base Metal Products,83.0,Malaysia,938.03814211492,,
2026,Mineral Fuels & Oils,27.0,Malaysia,1174693.8349101765,,
2026,Jewellery & Precious Metals,71.0,Malaysia,67625.6725981119,,
2026,Optical & Medical Instruments,90.0,Malaysia,20941.65231172988,,
2026,Organic Chemicals,29.0,Malaysia,28619.46831474385,,
2026,Plastics,39.0,Malaysia,60440.06618577779,,
2026,Other Chemicals,38.0,Saudi Arabia,14713.65541913227,,
2026,Electrical Equipment & AV Gear,85.0,Saudi Arabia,231819.50844225305,,
2026,Cosmetics & Fragrances,33.0,Saudi Arabia,5715.624780460725,,
2026,Machinery & Boilers,84.0,Saudi Arabia,122051.13620439036,,
2026,Base Metal Products,83.0,Saudi Arabia,690.6845511167713,,
2026,Mineral Fuels & Oils,27.0,Saudi Arabia,878289.891207615,,
2026,Jewellery & Precious Metals,71.0,Saudi Arabia,50441.38798516474,,
2026,Optical & Medical Instruments,90.0,Saudi Arabia,15595.67020541104,,
2026,Organic Chemicals,29.0,Saudi Arabia,21291.16935435033,,
2026,Plastics,39.0,Saudi Arabia,45070.73840872757,,
2026,Other Chemicals,38.0,South Korea,29214.9980838603,,
2026,Electrical Equipment & AV Gear,85.0,South Korea,429338.8886756465,,
2026,Cosmetics & Fragrances,33.0,South Korea,10722.249948608833,,
2026,Machinery & Boilers,84.0,South Korea,227147.18184154844,,
2026,Base Metal Products,83.0,South Korea,1314.034779428417,,
2026,Mineral Fuels & Oils,27.0,South Korea,1627038.6108333175,,
2026,Jewellery & Precious Metals,71.0,South Korea,93905.8889996741,,
2026,Optical & Medical Instruments,90.0,South Korea,29126.959166799792,,
2026,Organic Chemicals,29.0,South Korea,39774.515213252125,,
2026,Plastics,39.0,South Korea,83927.5680090979,,
2026,Other Chemicals,38.0,Thailand,13193.44726493832,,
2026,Electrical Equipment & AV Gear,85.0,Thailand,205787.5030508864,,
2026,Cosmetics & Fragrances,33.0,Thailand,5078.02432021446,,
2026,Machinery & Boilers,84.0,Thailand,108703.74820544342,,
2026,Base Metal Products,83.0,Thailand,615.4092550372153,,
2026,Mineral Fuels & Oils,27.0,Thailand,782320.9447190837,,
2026,Jewellery & Precious Metals,71.0,Thailand,44847.05000580593,,
2026,Optical & Medical Instruments,90.0,Thailand,13863.01129383593,,
2026,Organic Chemicals,29.0,Thailand,18952.938166508928,,
2026,Plastics,39.0,Thailand,40073.99735390455,,
2026,Other Chemicals,38.0,United States,56018.84092765243,,
2026,Electrical Equipment & AV Gear,85.0,United States,831521.5351704872,,
2026,Cosmetics & Fragrances,33.0,United States,20945.718038733103,,
2026,Machinery & Boilers,84.0,United States,440102.2851267013,,
2026,Base Metal Products,83.0,United States,2591.601057400591,,
2026,Mineral Fuels & Oils,27.0,United States,3144073.936773338,,
2026,Jewellery & Precious Metals,71.0,United States,182428.44892745357,,
2026,Optical & Medical Instruments,90.0,United States,56738.08769440578,,
2026,Organic Chemicals,29.0,United States,77453.67896885832,,
2026,Plastics,39.0,United States,163144.21873177483,,
2026,All Products,99.0,China,6879905.459580714,,
2026,All Products,99.0,Indonesia,1971074.3212603133,,
2026,All Products,99.0,Japan,3975590.681462843,,
2026,All Products,99.0,Malaysia,1856495.0189364543,,
2026,All Products,99.0,Saudi Arabia,1385679.466558622,,
2026,All Products,99.0,South Korea,2571510.895551234,,
2026,All Products,99.0,Thailand,1233436.073635659,,
2026,All Products,99.0,United States,4975018.351416805,,
