year,CountryPair,agree,IdealPointAll.x,IdealPointAll.y,IdealPointDistance
1947.0,"('Saudi Arabia', 'Thailand')",0.676470588235294,0.34785685,0.34785685,0.2533957
1948.0,"('Saudi Arabia', 'Thailand')",0.682352941176471,0.50675745,0.50675745,0.5215173
1949.0,"('Saudi Arabia', 'Thailand')",0.709677419354839,0.29133015,0.29133015,0.9073631
1950.0,"('Saudi Arabia', 'Thailand')",0.745283018867924,0.29704174999999994,0.29704174999999994,1.5736185
1951.0,"('Saudi Arabia', 'Thailand')",0.7,0.11301485,0.11301485,1.2985987
1952.0,"('Saudi Arabia', 'Thailand')",0.714285714285714,-0.16620019999999996,-0.16620019999999996,1.7964396
1953.0,"('Saudi Arabia', 'Thailand')",0.92,-0.5708037,-0.5708037,0.9443566
1954.0,"('Saudi Arabia', 'Thailand')",0.844827586206897,-0.47175482999999996,-0.47175482999999996,0.99450814
1955.0,"('Saudi Arabia', 'Thailand')",0.666666666666667,-0.41966005,-0.41966005,1.5685919
1956.0,"('Japan', 'Saudi Arabia')",0.571428571428571,-0.18375144999999998,-0.18375144999999998,1.5897745
1956.0,"('Japan', 'Thailand')",0.84375,0.64872385,0.64872385,0.0751761
1956.0,"('Saudi Arabia', 'Thailand')",0.655172413793103,-0.1461634,-0.1461634,1.6649506
1957.0,"('Japan', 'Malaysia')",0.838235294117647,0.34592665,0.34592665,0.0991351
1957.0,"('Japan', 'Saudi Arabia')",0.691176470588235,-0.2268207,-0.2268207,1.2446298
1957.0,"('Japan', 'Thailand')",0.939393939393939,0.48059450000000004,0.48059450000000004,0.1702006
1957.0,"('Malaysia', 'Saudi Arabia')",0.705882352941177,-0.27638825,-0.27638825,1.1454947
1957.0,"('Malaysia', 'Thailand')",0.893939393939394,0.43102695,0.43102695,0.2693357
1957.0,"('Saudi Arabia', 'Thailand')",0.651515151515151,-0.14172039999999997,-0.14172039999999997,1.4148304
1958.0,"('Japan', 'Malaysia')",0.909090909090909,0.44395075,0.44395075,0.2462903
1958.0,"('Japan', 'Saudi Arabia')",0.727272727272727,-0.0430721,-0.0430721,1.220336
1958.0,"('Japan', 'Thailand')",0.954545454545455,0.7341971,0.7341971,0.3342024
1958.0,"('Malaysia', 'Saudi Arabia')",0.787878787878788,-0.16621724999999998,-0.16621724999999998,0.9740457
1958.0,"('Malaysia', 'Thailand')",0.893939393939394,0.61105195,0.61105195,0.5804927
1958.0,"('Saudi Arabia', 'Thailand')",0.681818181818182,0.1240291,0.1240291,1.5545384
1959.0,"('Japan', 'Malaysia')",0.898148148148148,0.32099985,0.32099985,0.3212947
1959.0,"('Japan', 'Saudi Arabia')",0.769230769230769,0.025941049999999993,0.025941049999999993,0.9114123
1959.0,"('Japan', 'Thailand')",0.898148148148148,0.71507425,0.71507425,0.4668541
1959.0,"('Malaysia', 'Saudi Arabia')",0.836538461538462,-0.1347063,-0.1347063,0.5901176
1959.0,"('Malaysia', 'Thailand')",0.814814814814815,0.5544269,0.5544269,0.7881488
1959.0,"('Saudi Arabia', 'Thailand')",0.682692307692308,0.2593681,0.2593681,1.3782664
1960.0,"('Japan', 'Malaysia')",0.699029126213592,0.56878032,0.56878032,1.00878136
1960.0,"('Japan', 'Saudi Arabia')",0.49,0.08496175000000006,0.08496175000000006,1.9764185
1960.0,"('Japan', 'Thailand')",0.907766990291262,0.9697531,0.9697531,0.2068358
1960.0,"('Malaysia', 'Saudi Arabia')",0.765,-0.41942893,-0.41942893,0.96763714
1960.0,"('Malaysia', 'Thailand')",0.723300970873786,0.46536242,0.46536242,0.80194556
1960.0,"('Saudi Arabia', 'Thailand')",0.52,-0.018456150000000004,-0.018456150000000004,1.7695827
1961.0,"('Japan', 'Malaysia')",0.856164383561644,0.6002273499999999,0.6002273499999999,0.3754447
1961.0,"('Japan', 'Saudi Arabia')",0.588709677419355,0.053786749999999994,0.053786749999999994,1.4683259
1961.0,"('Japan', 'Thailand')",0.851351351351351,0.7091748499999999,0.7091748499999999,0.1575497
1961.0,"('Malaysia', 'Saudi Arabia')",0.709677419354839,-0.1339356,-0.1339356,1.0928812
1961.0,"('Malaysia', 'Thailand')",0.897260273972603,0.5214525,0.5214525,0.217895
1961.0,"('Saudi Arabia', 'Thailand')",0.645161290322581,-0.024988100000000013,-0.024988100000000013,1.3107762
1962.0,"('Japan', 'Malaysia')",0.793478260869565,0.8264148,0.8264148,0.7935004
1962.0,"('Japan', 'Saudi Arabia')",0.5,0.19521070000000001,0.19521070000000001,2.0559086
1962.0,"('Japan', 'Thailand')",0.771739130434783,0.8802028500000001,0.8802028500000001,0.6859243
1962.0,"('Malaysia', 'Saudi Arabia')",0.708333333333333,-0.2015395,-0.2015395,1.2624082
1962.0,"('Malaysia', 'Thailand')",0.804347826086957,0.48345265000000004,0.48345265000000004,0.1075761
1962.0,"('Saudi Arabia', 'Thailand')",0.694444444444444,-0.14775145,-0.14775145,1.3699843
1963.0,"('Japan', 'Malaysia')",0.919354838709677,0.9812291000000001,0.9812291000000001,0.5975778
1963.0,"('Japan', 'Saudi Arabia')",0.66,0.36919435000000006,0.36919435000000006,1.8216473
1963.0,"('Japan', 'Thailand')",0.916666666666667,1.0614021500000002,1.0614021500000002,0.4372317
1963.0,"('Malaysia', 'Saudi Arabia')",0.74,0.07040545000000004,0.07040545000000004,1.2240695
1963.0,"('Malaysia', 'Thailand')",0.966666666666667,0.76261325,0.76261325,0.1603461
1963.0,"('Saudi Arabia', 'Thailand')",0.7,0.1505785,0.1505785,1.3844156
1965.0,"('Japan', 'Malaysia')",0.8625,0.8366338,0.8366338,0.6080424
1965.0,"('Japan', 'Saudi Arabia')",0.723684210526316,0.36152074999999995,0.36152074999999995,1.5582685
1965.0,"('Japan', 'Singapore')",0.565217391304348,0.18723605,0.18723605,1.9068379
1965.0,"('Japan', 'Thailand')",0.9125,0.97110425,0.97110425,0.3391015
1965.0,"('Malaysia', 'Saudi Arabia')",0.815789473684211,0.05749954999999998,0.05749954999999998,0.9502261
1965.0,"('Malaysia', 'Singapore')",0.717391304347826,-0.11678515,-0.11678515,1.2987955
1965.0,"('Malaysia', 'Thailand')",0.925,0.66708305,0.66708305,0.2689409
1965.0,"('Saudi Arabia', 'Singapore')",0.954545454545455,-0.5918982,-0.5918982,0.3485694
1965.0,"('Saudi Arabia', 'Thailand')",0.776315789473684,0.19197,0.19197,1.219167
1965.0,"('Singapore', 'Thailand')",0.673913043478261,0.017685300000000015,0.017685300000000015,1.5677364
1966.0,"('Japan', 'Malaysia')",0.83695652173913,0.9702679000000001,0.9702679000000001,0.2905162
1966.0,"('Japan', 'Saudi Arabia')",0.652173913043478,0.33103655,0.33103655,1.5689789
1966.0,"('Japan', 'Singapore')",0.574468085106383,0.22591965000000003,0.22591965000000003,1.7792127
1966.0,"('Japan', 'Thailand')",0.87,0.92583025,0.92583025,0.3793915
1966.0,"('Malaysia', 'Saudi Arabia')",0.777777777777778,0.18577845,0.18577845,1.2784627
1966.0,"('Malaysia', 'Singapore')",0.686046511627907,0.08066155000000003,0.08066155000000003,1.4886965
1966.0,"('Malaysia', 'Thailand')",0.891304347826087,0.78057215,0.78057215,0.0888753
1966.0,"('Saudi Arabia', 'Singapore')",0.906976744186046,-0.5585698,-0.5585698,0.2102338
1966.0,"('Saudi Arabia', 'Thailand')",0.75,0.14134080000000002,0.14134080000000002,1.1895874
1966.0,"('Singapore', 'Thailand')",0.702127659574468,0.03622390000000003,0.03622390000000003,1.3998212
1967.0,"('Japan', 'Malaysia')",0.636363636363636,0.35100895,0.35100895,1.1847485
1967.0,"('Japan', 'Saudi Arabia')",0.488095238095238,-0.19168640000000003,-0.19168640000000003,2.2701392
1967.0,"('Japan', 'Singapore')",0.652173913043478,0.3485418,0.3485418,1.1896828
1967.0,"('Japan', 'Thailand')",0.736842105263158,0.64809615,0.64809615,0.5905741
1967.0,"('Malaysia', 'Saudi Arabia')",0.804878048780488,-0.78406065,-0.78406065,1.0853907
1967.0,"('Malaysia', 'Singapore')",0.7,-0.24383245,-0.24383245,0.0049343
1967.0,"('Malaysia', 'Thailand')",0.763636363636364,0.05572189999999999,0.05572189999999999,0.5941744
1967.0,"('Saudi Arabia', 'Singapore')",0.728571428571429,-0.7865278,-0.7865278,1.0804564
1967.0,"('Saudi Arabia', 'Thailand')",0.607142857142857,-0.48697345000000003,-0.48697345000000003,1.6795651
1967.0,"('Singapore', 'Thailand')",0.83695652173913,0.05325474999999999,0.05325474999999999,0.5991087
1968.0,"('Japan', 'Malaysia')",0.774509803921569,1.00533135,1.00533135,0.8066113
1968.0,"('Japan', 'Saudi Arabia')",0.6875,0.66412836,0.66412836,1.48901728
1968.0,"('Japan', 'Singapore')",0.656862745098039,0.693414125,0.693414125,1.43044575
1968.0,"('Japan', 'Thailand')",0.774509803921569,0.98610555,0.98610555,0.8450629
1968.0,"('Malaysia', 'Saudi Arabia')",0.760416666666667,0.26082271,0.26082271,0.68240598
1968.0,"('Malaysia', 'Singapore')",0.823529411764706,0.290108475,0.290108475,0.62383445
1968.0,"('Malaysia', 'Thailand')",0.803921568627451,0.5827998999999999,0.5827998999999999,0.0384516
1968.0,"('Saudi Arabia', 'Singapore')",0.833333333333333,-0.051094515,-0.051094515,0.05857153
1968.0,"('Saudi Arabia', 'Thailand')",0.885416666666667,0.24159691,0.24159691,0.64395438
1968.0,"('Singapore', 'Thailand')",0.803921568627451,0.27088267499999996,0.27088267499999996,0.58538285
1969.0,"('Japan', 'Malaysia')",0.738636363636364,0.78462975,0.78462975,0.7398445
1969.0,"('Japan', 'Saudi Arabia')",0.654761904761905,0.35598835,0.35598835,1.5971273
1969.0,"('Japan', 'Singapore')",0.736842105263158,0.7089325,0.7089325,0.891239
1969.0,"('Japan', 'Thailand')",0.767441860465116,0.8404343000000001,0.8404343000000001,0.6282354
1969.0,"('Malaysia', 'Saudi Arabia')",0.857142857142857,-0.013933899999999999,-0.013933899999999999,0.8572828
1969.0,"('Malaysia', 'Singapore')",0.828947368421053,0.33901025,0.33901025,0.1513945
1969.0,"('Malaysia', 'Thailand')",0.906976744186046,0.47051205,0.47051205,0.1116091
1969.0,"('Saudi Arabia', 'Singapore')",0.756756756756757,-0.08963114999999999,-0.08963114999999999,0.7058883
1969.0,"('Saudi Arabia', 'Thailand')",0.853658536585366,0.04187065000000001,0.04187065000000001,0.9688919
1969.0,"('Singapore', 'Thailand')",0.783783783783784,0.3948148,0.3948148,0.2630036
1970.0,"('Japan', 'Malaysia')",0.742424242424242,0.536134365,0.536134365,1.01097327
1970.0,"('Japan', 'Saudi Arabia')",0.6328125,0.22457144999999995,0.22457144999999995,1.6340991
1970.0,"('Japan', 'Singapore')",0.7890625,0.62065615,0.62065615,0.8419297
1970.0,"('Japan', 'Thailand')",0.84375,0.8498751,0.8498751,0.3834918
1970.0,"('Malaysia', 'Saudi Arabia')",0.8203125,-0.280915185,-0.280915185,0.62312583
1970.0,"('Malaysia', 'Singapore')",0.8671875,0.115169515,0.115169515,0.16904357
1970.0,"('Malaysia', 'Thailand')",0.853846153846154,0.344388465,0.344388465,0.62748147
1970.0,"('Saudi Arabia', 'Singapore')",0.766129032258065,-0.1963934,-0.1963934,0.7921694
1970.0,"('Saudi Arabia', 'Thailand')",0.758064516129032,0.03282554999999998,0.03282554999999998,1.2506073
1970.0,"('Singapore', 'Thailand')",0.895161290322581,0.42891025,0.42891025,0.4584379
1971.0,"('China', 'Japan')",0.708333333333333,-0.058661600000000036,-0.058661600000000036,1.9078308
1971.0,"('China', 'Malaysia')",0.858695652173913,-0.6222929500000001,-0.6222929500000001,0.7805681
1971.0,"('China', 'Saudi Arabia')",0.875,-0.5708238,-0.5708238,0.8835064
1971.0,"('China', 'Singapore')",0.708333333333333,-0.3767842,-0.3767842,1.2715856
1971.0,"('China', 'Thailand')",0.729166666666667,-0.27176095,-0.27176095,1.4816321
1971.0,"('Japan', 'Malaysia')",0.804347826086957,0.33162245,0.33162245,1.1272627
1971.0,"('Japan', 'Saudi Arabia')",0.797979797979798,0.3830916,0.3830916,1.0243244
1971.0,"('Japan', 'Singapore')",0.834745762711864,0.5771312,0.5771312,0.6362452
1971.0,"('Japan', 'Thailand')",0.887931034482759,0.68215445,0.68215445,0.4261987
1971.0,"('Malaysia', 'Saudi Arabia')",0.895833333333333,-0.18053975,-0.18053975,0.1029383
1971.0,"('Malaysia', 'Singapore')",0.860869565217391,0.013499849999999994,0.013499849999999994,0.4910175
1971.0,"('Malaysia', 'Thailand')",0.880530973451327,0.1185231,0.1185231,0.701064
1971.0,"('Saudi Arabia', 'Singapore')",0.813131313131313,0.06496899999999999,0.06496899999999999,0.3880792
1971.0,"('Saudi Arabia', 'Thailand')",0.865979381443299,0.16999225,0.16999225,0.5981257
1971.0,"('Singapore', 'Thailand')",0.905172413793103,0.36403185,0.36403185,0.2100465
1972.0,"('China', 'Japan')",0.623376623376623,0.3150161,0.3150161,2.0572558
1972.0,"('China', 'Malaysia')",0.86,-0.45104605,-0.45104605,0.5251315
1972.0,"('China', 'Saudi Arabia')",0.8671875,-0.50800255,-0.50800255,0.4112185
1972.0,"('China', 'Singapore')",0.78169014084507,-0.19232105000000002,-0.19232105000000002,1.0425815
1972.0,"('China', 'Thailand')",0.782894736842105,-0.1380345,-0.1380345,1.1511546
1972.0,"('Japan', 'Malaysia')",0.745,0.5775818500000001,0.5775818500000001,1.5321243
1972.0,"('Japan', 'Saudi Arabia')",0.74390243902439,0.52062535,0.52062535,1.6460373
1972.0,"('Japan', 'Singapore')",0.776041666666667,0.83630685,0.83630685,1.0146743
1972.0,"('Japan', 'Thailand')",0.8,0.8905934,0.8905934,0.9061012
1972.0,"('Malaysia', 'Saudi Arabia')",0.90625,-0.24543679999999998,-0.24543679999999998,0.113913
1972.0,"('Malaysia', 'Singapore')",0.875,0.0702447,0.0702447,0.51745
1972.0,"('Malaysia', 'Thailand')",0.909090909090909,0.12453125000000001,0.12453125000000001,0.6260231
1972.0,"('Saudi Arabia', 'Singapore')",0.842105263157895,0.0132882,0.0132882,0.631363
1972.0,"('Saudi Arabia', 'Thailand')",0.864197530864197,0.06757475000000002,0.06757475000000002,0.7399361
1972.0,"('Singapore', 'Thailand')",0.910526315789474,0.38325624999999997,0.38325624999999997,0.1085731
1973.0,"('China', 'Japan')",0.640845070422535,0.33654475,0.33654475,1.8173445
1973.0,"('China', 'Malaysia')",0.830985915492958,-0.298784605,-0.298784605,0.54668579
1973.0,"('China', 'Saudi Arabia')",0.890625,-0.5241867,-0.5241867,0.0958816
1973.0,"('China', 'Singapore')",0.814285714285714,-0.241176635,-0.241176635,0.66190173
1973.0,"('China', 'Thailand')",0.816176470588235,-0.2005266,-0.2005266,0.7432018
1973.0,"('Japan', 'Malaysia')",0.755555555555556,0.609887645,0.609887645,1.27065871
1973.0,"('Japan', 'Saudi Arabia')",0.707317073170732,0.38448555,0.38448555,1.7214629
1973.0,"('Japan', 'Singapore')",0.777777777777778,0.667495615,0.667495615,1.15544277
1973.0,"('Japan', 'Thailand')",0.784090909090909,0.7081456500000001,0.7081456500000001,1.0741427
1973.0,"('Malaysia', 'Saudi Arabia')",0.878048780487805,-0.250843805,-0.250843805,0.45080419
1973.0,"('Malaysia', 'Singapore')",0.971910112359551,0.03216626,0.03216626,0.11521594
1973.0,"('Malaysia', 'Thailand')",0.971264367816092,0.072816295,0.072816295,0.19651601
1973.0,"('Saudi Arabia', 'Singapore')",0.851851851851852,-0.193235835,-0.193235835,0.56602013
1973.0,"('Saudi Arabia', 'Thailand')",0.85,-0.1525858,-0.1525858,0.6473202
1973.0,"('Singapore', 'Thailand')",0.977272727272727,0.130424265,0.130424265,0.08130007
1974.0,"('China', 'Japan')",0.7,0.04812109999999997,0.04812109999999997,1.9096658
1974.0,"('China', 'Malaysia')",0.818181818181818,-0.37550134999999996,-0.37550134999999996,1.0624209
1974.0,"('China', 'Saudi Arabia')",0.790697674418605,-0.5251452999999999,-0.5251452999999999,0.763133
1974.0,"('China', 'Singapore')",0.814814814814815,-0.3153061,-0.3153061,1.1828114
1974.0,"('China', 'Thailand')",0.790909090909091,-0.27517165,-0.27517165,1.2630803
1974.0,"('Japan', 'Malaysia')",0.835616438356164,0.5793315499999999,0.5793315499999999,0.8472449
1974.0,"('Japan', 'Saudi Arabia')",0.714285714285714,0.42968759999999995,0.42968759999999995,1.1465328
1974.0,"('Japan', 'Singapore')",0.866197183098592,0.6395268,0.6395268,0.7268544
1974.0,"('Japan', 'Thailand')",0.863013698630137,0.6796612499999999,0.6796612499999999,0.6465855
1974.0,"('Malaysia', 'Saudi Arabia')",0.877551020408163,0.006065149999999991,0.006065149999999991,0.2992879
1974.0,"('Malaysia', 'Singapore')",0.971830985915493,0.21590435,0.21590435,0.1203905
1974.0,"('Malaysia', 'Thailand')",0.972602739726027,0.2560388,0.2560388,0.2006594
1974.0,"('Saudi Arabia', 'Singapore')",0.854166666666667,0.0662604,0.0662604,0.4196784
1974.0,"('Saudi Arabia', 'Thailand')",0.857142857142857,0.10639484999999999,0.10639484999999999,0.4999473
1974.0,"('Singapore', 'Thailand')",0.957746478873239,0.31623405,0.31623405,0.0802689
1975.0,"('China', 'Japan')",0.729166666666667,0.40638840000000004,0.40638840000000004,1.2241172
1975.0,"('China', 'Malaysia')",0.833333333333333,-0.13285555999999998,-0.13285555999999998,0.14562928
1975.0,"('China', 'Saudi Arabia')",0.7625,0.010680549999999997,0.010680549999999997,0.4327015
1975.0,"('China', 'Singapore')",0.804347826086957,0.029284249999999998,0.029284249999999998,0.4699089
1975.0,"('China', 'Thailand')",0.8125,0.03629534999999999,0.03629534999999999,0.4839311
1975.0,"('Japan', 'Malaysia')",0.826086956521739,0.47920304,0.47920304,1.07848792
1975.0,"('Japan', 'Saudi Arabia')",0.827868852459016,0.62273915,0.62273915,0.7914157
1975.0,"('Japan', 'Singapore')",0.840909090909091,0.64134285,0.64134285,0.7542083
1975.0,"('Japan', 'Thailand')",0.86231884057971,0.6483539500000001,0.6483539500000001,0.7401861
1975.0,"('Malaysia', 'Saudi Arabia')",0.942622950819672,0.08349519,0.08349519,0.28707222
1975.0,"('Malaysia', 'Singapore')",0.946969696969697,0.10209889,0.10209889,0.32427962
1975.0,"('Malaysia', 'Thailand')",0.963768115942029,0.10910998999999999,0.10910998999999999,0.33830182
1975.0,"('Saudi Arabia', 'Singapore')",0.922413793103448,0.245635,0.245635,0.0372074
1975.0,"('Saudi Arabia', 'Thailand')",0.934426229508197,0.2526461,0.2526461,0.0512296
1975.0,"('Singapore', 'Thailand')",0.96969696969697,0.2712498,0.2712498,0.0140222
1976.0,"('China', 'Japan')",0.673913043478261,0.09559050000000002,0.09559050000000002,2.398913
1976.0,"('China', 'Malaysia')",0.847826086956522,-0.6254003,-0.6254003,0.9569314
1976.0,"('China', 'Saudi Arabia')",0.854838709677419,-0.6175328,-0.6175328,0.9726664
1976.0,"('China', 'Singapore')",0.838235294117647,-0.520239655,-0.520239655,1.16725269
1976.0,"('China', 'Thailand')",0.855072463768116,-0.63745005,-0.63745005,0.9328319
1976.0,"('Japan', 'Malaysia')",0.781609195402299,0.5740562,0.5740562,1.4419816
1976.0,"('Japan', 'Saudi Arabia')",0.76,0.5819237,0.5819237,1.4262466
1976.0,"('Japan', 'Singapore')",0.801204819277108,0.679216845,0.679216845,1.23166031
1976.0,"('Japan', 'Thailand')",0.781609195402299,0.56200645,0.56200645,1.4660811
1976.0,"('Malaysia', 'Saudi Arabia')",0.986666666666667,-0.1390671,-0.1390671,0.015735
1976.0,"('Malaysia', 'Singapore')",0.963855421686747,-0.041773955,-0.041773955,0.21032129
1976.0,"('Malaysia', 'Thailand')",0.977011494252874,-0.15898435,-0.15898435,0.0240995
1976.0,"('Saudi Arabia', 'Singapore')",0.957746478873239,-0.033906455,-0.033906455,0.19458629
1976.0,"('Saudi Arabia', 'Thailand')",0.986666666666667,-0.15111685,-0.15111685,0.0398345
1976.0,"('Singapore', 'Thailand')",0.975903614457831,-0.053823705,-0.053823705,0.23442079
1977.0,"('China', 'Japan')",0.738095238095238,0.2142795,0.2142795,1.962175
1977.0,"('China', 'Malaysia')",0.888888888888889,-0.3651352,-0.3651352,0.8033456
1977.0,"('China', 'Saudi Arabia')",0.943396226415094,-0.44128315,-0.44128315,0.6510497
1977.0,"('China', 'Singapore')",0.846774193548387,-0.25819460000000005,-0.25819460000000005,1.0172268
1977.0,"('China', 'Thailand')",0.880952380952381,-0.28300625,-0.28300625,0.9676035
1977.0,"('Japan', 'Malaysia')",0.818681318681319,0.6159523,0.6159523,1.1588294
1977.0,"('Japan', 'Saudi Arabia')",0.82051282051282,0.53980435,0.53980435,1.3111253
1977.0,"('Japan', 'Singapore')",0.822222222222222,0.7228929000000001,0.7228929000000001,0.9449482
1977.0,"('Japan', 'Thailand')",0.840659340659341,0.69808125,0.69808125,0.9945715
1977.0,"('Malaysia', 'Saudi Arabia')",0.974358974358974,-0.039610349999999996,-0.039610349999999996,0.1522959
1977.0,"('Malaysia', 'Singapore')",0.95,0.1434782,0.1434782,0.2138812
1977.0,"('Malaysia', 'Thailand')",0.978021978021978,0.11866655,0.11866655,0.1642579
1977.0,"('Saudi Arabia', 'Singapore')",0.941558441558442,0.06733025000000001,0.06733025000000001,0.3661771
1977.0,"('Saudi Arabia', 'Thailand')",0.961538461538462,0.0425186,0.0425186,0.3165538
1977.0,"('Singapore', 'Thailand')",0.961111111111111,0.22560714999999998,0.22560714999999998,0.0496233
1978.0,"('China', 'Japan')",0.78735632183908,0.43664685000000003,0.43664685000000003,1.3075763
1978.0,"('China', 'Malaysia')",0.942528735632184,-0.1687612,-0.1687612,0.0967602
1978.0,"('China', 'Saudi Arabia')",0.935294117647059,-0.13839266,-0.13839266,0.15749728
1978.0,"('China', 'Singapore')",0.908045977011494,0.058686399999999986,0.058686399999999986,0.5516554
1978.0,"('China', 'Thailand')",0.927710843373494,-0.019722150000000008,-0.019722150000000008,0.3948383
1978.0,"('Japan', 'Malaysia')",0.811023622047244,0.48502695,0.48502695,1.2108161
1978.0,"('Japan', 'Saudi Arabia')",0.799180327868853,0.5153954900000001,0.5153954900000001,1.15007902
1978.0,"('Japan', 'Singapore')",0.836,0.71247455,0.71247455,0.7559209
1978.0,"('Japan', 'Thailand')",0.827868852459016,0.634066,0.634066,0.912738
1978.0,"('Malaysia', 'Saudi Arabia')",0.979508196721312,-0.09001256,-0.09001256,0.06073708
1978.0,"('Malaysia', 'Singapore')",0.956,0.10706649999999998,0.10706649999999998,0.4548952
1978.0,"('Malaysia', 'Thailand')",0.979508196721312,0.028657949999999995,0.028657949999999995,0.2980781
1978.0,"('Saudi Arabia', 'Singapore')",0.941666666666667,0.13743503999999998,0.13743503999999998,0.39415812
1978.0,"('Saudi Arabia', 'Thailand')",0.965811965811966,0.05902649,0.05902649,0.23734102
1978.0,"('Singapore', 'Thailand')",0.983333333333333,0.25610555,0.25610555,0.1568171
1979.0,"('China', 'Japan')",0.732323232323232,0.59199817,0.59199817,1.27779766
1979.0,"('China', 'Malaysia')",0.95959595959596,-0.044725799999999996,-0.044725799999999996,0.0043497199999999
1979.0,"('China', 'Saudi Arabia')",0.93298969072165,-0.018026129999999998,-0.018026129999999998,0.05774906
1979.0,"('China', 'Singapore')",0.9375,0.18027392,0.18027392,0.45434916
1979.0,"('China', 'Thailand')",0.943877551020408,0.10418132000000002,0.10418132000000002,0.30216396
1979.0,"('Japan', 'Malaysia')",0.754098360655738,0.59417303,0.59417303,1.27344794
1979.0,"('Japan', 'Saudi Arabia')",0.733333333333333,0.6208726999999999,0.6208726999999999,1.2200486
1979.0,"('Japan', 'Singapore')",0.785714285714286,0.8191727499999999,0.8191727499999999,0.8234485
1979.0,"('Japan', 'Thailand')",0.776859504132231,0.7430801499999999,0.7430801499999999,0.9756337
1979.0,"('Malaysia', 'Saudi Arabia')",0.958333333333333,-0.01585127,-0.01585127,0.05339934
1979.0,"('Malaysia', 'Singapore')",0.953781512605042,0.18244878,0.18244878,0.44999944
1979.0,"('Malaysia', 'Thailand')",0.975206611570248,0.10635618000000001,0.10635618000000001,0.29781424
1979.0,"('Saudi Arabia', 'Singapore')",0.918803418803419,0.20914844999999999,0.20914844999999999,0.3966001
1979.0,"('Saudi Arabia', 'Thailand')",0.932773109243697,0.13305585,0.13305585,0.2444149
1979.0,"('Singapore', 'Thailand')",0.978991596638655,0.33135590000000004,0.33135590000000004,0.1521852
1980.0,"('China', 'Japan')",0.720930232558139,0.618183085,0.618183085,1.30562583
1980.0,"('China', 'Malaysia')",0.964705882352941,-0.05873261,-0.05873261,0.04820556
1980.0,"('China', 'Saudi Arabia')",0.958823529411765,-0.05938204,-0.05938204,0.04950442
1980.0,"('China', 'Singapore')",0.932926829268293,0.14227843499999998,0.14227843499999998,0.35381653
1980.0,"('China', 'Thailand')",0.94047619047619,0.109832585,0.109832585,0.28892483
1980.0,"('Japan', 'Malaysia')",0.735294117647059,0.594080305,0.594080305,1.35383139
1980.0,"('Japan', 'Saudi Arabia')",0.720588235294118,0.593430875,0.593430875,1.35513025
1980.0,"('Japan', 'Singapore')",0.767676767676768,0.79509135,0.79509135,0.9518093
1980.0,"('Japan', 'Thailand')",0.767326732673267,0.7626455,0.7626455,1.016701
1980.0,"('Malaysia', 'Saudi Arabia')",0.975490196078431,-0.08348481999999999,-0.08348481999999999,0.00129886
1980.0,"('Malaysia', 'Singapore')",0.964285714285714,0.11817565499999999,0.11817565499999999,0.40202209
1980.0,"('Malaysia', 'Thailand')",0.97,0.08572980499999999,0.08572980499999999,0.33713039
1980.0,"('Saudi Arabia', 'Singapore')",0.948979591836735,0.117526225,0.117526225,0.40332095
1980.0,"('Saudi Arabia', 'Thailand')",0.955,0.085080375,0.085080375,0.33842925
1980.0,"('Singapore', 'Thailand')",0.994845360824742,0.28674085,0.28674085,0.0648917
1981.0,"('China', 'Japan')",0.666666666666667,0.64727632,0.64727632,1.33830336
1981.0,"('China', 'Malaysia')",0.961538461538462,-0.04818978,-0.04818978,0.05262884
1981.0,"('China', 'Saudi Arabia')",0.951754385964912,-0.0065812025,-0.0065812025,0.030588315
1981.0,"('China', 'Singapore')",0.942857142857143,0.11989671999999998,0.11989671999999998,0.28354416
1981.0,"('China', 'Thailand')",0.961538461538462,-0.08200478,-0.08200478,0.12025884
1981.0,"('Japan', 'Malaysia')",0.675373134328358,0.6209619,0.6209619,1.3909322
1981.0,"('Japan', 'Saudi Arabia')",0.670542635658915,0.6625704775,0.6625704775,1.307715045
1981.0,"('Japan', 'Singapore')",0.714876033057851,0.7890484,0.7890484,1.0547592
1981.0,"('Japan', 'Thailand')",0.675572519083969,0.5871469,0.5871469,1.4585622
1981.0,"('Malaysia', 'Saudi Arabia')",0.968992248062015,-0.032895622500000006,-0.032895622500000006,0.083217155
1981.0,"('Malaysia', 'Singapore')",0.975206611570248,0.09358229999999998,0.09358229999999998,0.336173
1981.0,"('Malaysia', 'Thailand')",0.980916030534351,-0.1083192,-0.1083192,0.06763
1981.0,"('Saudi Arabia', 'Singapore')",0.939655172413793,0.1351908775,0.1351908775,0.252955845
1981.0,"('Saudi Arabia', 'Thailand')",0.984375,-0.0667106225,-0.0667106225,0.150847155
1981.0,"('Singapore', 'Thailand')",0.953389830508475,0.059767299999999995,0.059767299999999995,0.403803
1982.0,"('China', 'Japan')",0.709219858156028,0.74568985,0.74568985,1.1013183
1982.0,"('China', 'Malaysia')",0.953900709219858,0.07741263,0.07741263,0.23523614
1982.0,"('China', 'Saudi Arabia')",0.953237410071942,0.2125293,0.2125293,0.0349972
1982.0,"('China', 'Singapore')",0.925373134328358,0.2320936,0.2320936,0.0741258
1982.0,"('China', 'Thailand')",0.942857142857143,0.08032588,0.08032588,0.22940964
1982.0,"('Japan', 'Malaysia')",0.693037974683544,0.62807178,0.62807178,1.33655444
1982.0,"('Japan', 'Saudi Arabia')",0.7,0.76318845,0.76318845,1.0663211
1982.0,"('Japan', 'Singapore')",0.726351351351351,0.78275275,0.78275275,1.0271925
1982.0,"('Japan', 'Thailand')",0.698717948717949,0.63098503,0.63098503,1.33072794
1982.0,"('Malaysia', 'Saudi Arabia')",0.948387096774194,0.09491123,0.09491123,0.27023334
1982.0,"('Malaysia', 'Singapore')",0.962837837837838,0.11447553,0.11447553,0.30936194
1982.0,"('Malaysia', 'Thailand')",0.987179487179487,-0.03729219,-0.03729219,0.0058265
1982.0,"('Saudi Arabia', 'Singapore')",0.945205479452055,0.24959220000000001,0.24959220000000001,0.0391286
1982.0,"('Saudi Arabia', 'Thailand')",0.950980392156863,0.09782448,0.09782448,0.26440684
1982.0,"('Singapore', 'Thailand')",0.969178082191781,0.11738878000000001,0.11738878000000001,0.30353544
1983.0,"('China', 'Japan')",0.690298507462687,0.7654359500000001,0.7654359500000001,1.1386661
1983.0,"('China', 'Malaysia')",0.948529411764706,0.01259325,0.01259325,0.3670193
1983.0,"('China', 'Saudi Arabia')",0.940298507462687,-0.05009385000000001,-0.05009385000000001,0.4923935
1983.0,"('China', 'Singapore')",0.943181818181818,0.147794955,0.147794955,0.09661589
1983.0,"('China', 'Thailand')",0.933333333333333,0.0605205,0.0605205,0.2711648
1983.0,"('Japan', 'Malaysia')",0.659863945578231,0.5819263,0.5819263,1.5056854
1983.0,"('Japan', 'Saudi Arabia')",0.641379310344828,0.5192392,0.5192392,1.6310596
1983.0,"('Japan', 'Singapore')",0.678571428571429,0.7171280050000001,0.7171280050000001,1.23528199
1983.0,"('Japan', 'Thailand')",0.663194444444444,0.6298535500000001,0.6298535500000001,1.4098309
1983.0,"('Malaysia', 'Saudi Arabia')",0.982993197278912,-0.23360350000000002,-0.23360350000000002,0.1253742
1983.0,"('Malaysia', 'Singapore')",0.97887323943662,-0.035714695,-0.035714695,0.27040341
1983.0,"('Malaysia', 'Thailand')",0.979452054794521,-0.12298914999999999,-0.12298914999999999,0.0958545
1983.0,"('Saudi Arabia', 'Singapore')",0.971631205673759,-0.09840179500000001,-0.09840179500000001,0.39577761
1983.0,"('Saudi Arabia', 'Thailand')",0.979166666666667,-0.18567625000000001,-0.18567625000000001,0.2212287
1983.0,"('Singapore', 'Thailand')",0.985815602836879,0.012212555,0.012212555,0.17454891
1984.0,"('China', 'Japan')",0.680272108843537,0.7878358999999999,0.7878358999999999,1.2317282
1984.0,"('China', 'Malaysia')",0.951724137931034,-0.01895419999999999,-0.01895419999999999,0.381852
1984.0,"('China', 'Saudi Arabia')",0.934027777777778,-0.07919075,-0.07919075,0.5023251
1984.0,"('China', 'Singapore')",0.955882352941177,0.059326285000000006,0.059326285000000006,0.22529103
1984.0,"('China', 'Thailand')",0.944827586206897,0.0038650000000000073,0.0038650000000000073,0.3362136
1984.0,"('Japan', 'Malaysia')",0.652027027027027,0.5969099,0.5969099,1.6135802
1984.0,"('Japan', 'Saudi Arabia')",0.628378378378378,0.5366733499999999,0.5366733499999999,1.7340533
1984.0,"('Japan', 'Singapore')",0.672661870503597,0.675190385,0.675190385,1.45701923
1984.0,"('Japan', 'Thailand')",0.648648648648649,0.6197291,0.6197291,1.5679418
1984.0,"('Malaysia', 'Saudi Arabia')",0.972602739726027,-0.27011675,-0.27011675,0.1204731
1984.0,"('Malaysia', 'Singapore')",0.981751824817518,-0.131599715,-0.131599715,0.15656097
1984.0,"('Malaysia', 'Thailand')",0.986301369863014,-0.18706099999999998,-0.18706099999999998,0.0456384
1984.0,"('Saudi Arabia', 'Singapore')",0.970802919708029,-0.191836265,-0.191836265,0.27703407
1984.0,"('Saudi Arabia', 'Thailand')",0.972413793103448,-0.24729755,-0.24729755,0.1661115
1984.0,"('Singapore', 'Thailand')",0.992753623188406,-0.108780515,-0.108780515,0.11092257
1985.0,"('China', 'Japan')",0.693877551020408,0.7812868,0.7812868,1.1894684
1985.0,"('China', 'Malaysia')",0.945945945945946,0.05438682000000001,0.05438682000000001,0.26433156
1985.0,"('China', 'Saudi Arabia')",0.921768707482993,-0.1123808,-0.1123808,0.5978668
1985.0,"('China', 'Singapore')",0.933333333333333,0.09363922940000001,0.09363922940000001,0.1858267412
1985.0,"('China', 'Thailand')",0.934931506849315,0.04806107500000001,0.04806107500000001,0.27698305
1985.0,"('Japan', 'Malaysia')",0.686666666666667,0.6491210199999999,0.6491210199999999,1.45379996
1985.0,"('Japan', 'Saudi Arabia')",0.661073825503356,0.48235339999999993,0.48235339999999993,1.7873352
1985.0,"('Japan', 'Singapore')",0.698529411764706,0.6883734294,0.6883734294,1.3752951412
1985.0,"('Japan', 'Thailand')",0.679054054054054,0.642795275,0.642795275,1.46645145
1985.0,"('Malaysia', 'Saudi Arabia')",0.960264900662252,-0.24454658,-0.24454658,0.33353524
1985.0,"('Malaysia', 'Singapore')",0.97841726618705,-0.038526550599999994,-0.038526550599999994,0.0785048188
1985.0,"('Malaysia', 'Thailand')",0.973154362416107,-0.084104705,-0.084104705,0.01265149
1985.0,"('Saudi Arabia', 'Singapore')",0.967153284671533,-0.20529417060000002,-0.20529417060000002,0.4120400588
1985.0,"('Saudi Arabia', 'Thailand')",0.962837837837838,-0.250872325,-0.250872325,0.32088375
1985.0,"('Singapore', 'Thailand')",0.981884057971015,-0.044852295599999994,-0.044852295599999994,0.0911563088
1986.0,"('China', 'Japan')",0.710884353741497,0.7805491499999999,0.7805491499999999,1.1737297
1986.0,"('China', 'Malaysia')",0.936241610738255,-0.04408359999999999,-0.04408359999999999,0.4755358
1986.0,"('China', 'Saudi Arabia')",0.929054054054054,-0.0388169,-0.0388169,0.4650024
1986.0,"('China', 'Singapore')",0.933333333333333,0.133215905,0.133215905,0.12093679
1986.0,"('China', 'Thailand')",0.930555555555556,0.011100899999999997,0.011100899999999997,0.3651668
1986.0,"('Japan', 'Malaysia')",0.696666666666667,0.54278125,0.54278125,1.6492655
1986.0,"('Japan', 'Saudi Arabia')",0.691275167785235,0.54804795,0.54804795,1.6387321
1986.0,"('Japan', 'Singapore')",0.748148148148148,0.7200807549999999,0.7200807549999999,1.29466649
1986.0,"('Japan', 'Thailand')",0.696551724137931,0.59796575,0.59796575,1.5388965
1986.0,"('Malaysia', 'Saudi Arabia')",0.976973684210526,-0.27658479999999996,-0.27658479999999996,0.0105334
1986.0,"('Malaysia', 'Singapore')",0.971014492753623,-0.10455199499999998,-0.10455199499999998,0.35459901
1986.0,"('Malaysia', 'Thailand')",0.982993197278912,-0.226667,-0.226667,0.110369
1986.0,"('Saudi Arabia', 'Singapore')",0.956204379562044,-0.099285295,-0.099285295,0.34406561
1986.0,"('Saudi Arabia', 'Thailand')",0.976027397260274,-0.2214003,-0.2214003,0.0998356
1986.0,"('Singapore', 'Thailand')",0.974452554744526,-0.049367495000000004,-0.049367495000000004,0.24423001
1987.0,"('China', 'Japan')",0.738970588235294,0.77569425,0.77569425,1.1731355
1987.0,"('China', 'Malaysia')",0.949275362318841,-0.050986199999999995,-0.050986199999999995,0.4802254
1987.0,"('China', 'Saudi Arabia')",0.935606060606061,0.011280300000000007,0.011280300000000007,0.3556924
1987.0,"('China', 'Singapore')",0.942748091603053,0.132211025,0.132211025,0.11383095
1987.0,"('China', 'Thailand')",0.943609022556391,-0.03195545000000001,-0.03195545000000001,0.4421639
1987.0,"('Japan', 'Malaysia')",0.72887323943662,0.5355815500000001,0.5355815500000001,1.6533609
1987.0,"('Japan', 'Saudi Arabia')",0.738970588235294,0.5978480500000001,0.5978480500000001,1.5288279
1987.0,"('Japan', 'Singapore')",0.772388059701492,0.7187787750000001,0.7187787750000001,1.28696645
1987.0,"('Japan', 'Thailand')",0.72992700729927,0.5546123000000001,0.5546123000000001,1.6152994
1987.0,"('Malaysia', 'Saudi Arabia')",0.985507246376812,-0.2288324,-0.2288324,0.124533
1987.0,"('Malaysia', 'Singapore')",0.970588235294118,-0.107901675,-0.107901675,0.36639445
1987.0,"('Malaysia', 'Thailand')",0.985611510791367,-0.27206815,-0.27206815,0.0380615
1987.0,"('Saudi Arabia', 'Singapore')",0.969465648854962,-0.04563517499999999,-0.04563517499999999,0.24186145
1987.0,"('Saudi Arabia', 'Thailand')",0.984962406015038,-0.20980165,-0.20980165,0.0864715
1987.0,"('Singapore', 'Thailand')",0.974074074074074,-0.08887092500000002,-0.08887092500000002,0.32833295
1988.0,"('China', 'Japan')",0.69047619047619,0.7054450250000001,0.7054450250000001,1.44641795
1988.0,"('China', 'Malaysia')",0.960629921259842,-0.165003175,-0.165003175,0.29447845
1988.0,"('China', 'Saudi Arabia')",0.9609375,-0.21829322499999998,-0.21829322499999998,0.40105855
1988.0,"('China', 'Singapore')",0.951612903225806,-0.003123995,-0.003123995,0.02927991
1988.0,"('China', 'Thailand')",0.963114754098361,-0.150581525,-0.150581525,0.26563515
1988.0,"('Japan', 'Malaysia')",0.695488721804511,0.5582058000000001,0.5582058000000001,1.7408964
1988.0,"('Japan', 'Saudi Arabia')",0.686567164179104,0.5049157500000001,0.5049157500000001,1.8474765
1988.0,"('Japan', 'Singapore')",0.724409448818898,0.7200849800000001,0.7200849800000001,1.41713804
1988.0,"('Japan', 'Thailand')",0.69921875,0.57262745,0.57262745,1.7120531
1988.0,"('Malaysia', 'Saudi Arabia')",0.977777777777778,-0.36553245,-0.36553245,0.1065801
1988.0,"('Malaysia', 'Singapore')",0.984375,-0.15036322,-0.15036322,0.32375836
1988.0,"('Malaysia', 'Thailand')",0.988372093023256,-0.29782074999999997,-0.29782074999999997,0.0288433
1988.0,"('Saudi Arabia', 'Singapore')",0.972868217054264,-0.20365327,-0.20365327,0.43033846
1988.0,"('Saudi Arabia', 'Thailand')",0.988461538461539,-0.3511108,-0.3511108,0.1354234
1988.0,"('Singapore', 'Thailand')",0.988,-0.13594157,-0.13594157,0.29491506
1989.0,"('China', 'Japan')",0.695454545454545,0.7342986749999999,0.7342986749999999,1.57311665
1989.0,"('China', 'Malaysia')",0.968468468468468,-0.306284725,-0.306284725,0.50805015
1989.0,"('China', 'Saudi Arabia')",0.968468468468468,-0.275266675,-0.275266675,0.44601405
1989.0,"('China', 'Singapore')",0.954128440366973,-0.086554575,-0.086554575,0.06858985
1989.0,"('China', 'Thailand')",0.966666666666667,-0.164801975,-0.164801975,0.22508465
1989.0,"('Japan', 'Malaysia')",0.694690265486726,0.48027359999999997,0.48027359999999997,2.0811668
1989.0,"('Japan', 'Saudi Arabia')",0.70353982300885,0.51129165,0.51129165,2.0191307
1989.0,"('Japan', 'Singapore')",0.718181818181818,0.7000037499999999,0.7000037499999999,1.6417065
1989.0,"('Japan', 'Thailand')",0.700934579439252,0.62175635,0.62175635,1.7982013
1989.0,"('Malaysia', 'Saudi Arabia')",0.978070175438597,-0.52929175,-0.52929175,0.0620361
1989.0,"('Malaysia', 'Singapore')",0.977477477477477,-0.34057965,-0.34057965,0.4394603
1989.0,"('Malaysia', 'Thailand')",0.986238532110092,-0.41882705,-0.41882705,0.2829655
1989.0,"('Saudi Arabia', 'Singapore')",0.981981981981982,-0.3095616,-0.3095616,0.3774242
1989.0,"('Saudi Arabia', 'Thailand')",0.986238532110092,-0.38780899999999996,-0.38780899999999996,0.2209294
1989.0,"('Singapore', 'Thailand')",0.995327102803738,-0.1990969,-0.1990969,0.1564948
1990.0,"('China', 'Japan')",0.680722891566265,0.6840171500000001,0.6840171500000001,1.6801097
1990.0,"('China', 'Malaysia')",0.958333333333333,-0.45449835000000005,-0.45449835000000005,0.5969213
1990.0,"('China', 'Saudi Arabia')",0.964285714285714,-0.3623664,-0.3623664,0.4126574
1990.0,"('China', 'Singapore')",0.952380952380952,-0.1937294,-0.1937294,0.0753834
1990.0,"('China', 'Thailand')",0.957317073170732,-0.27931435,-0.27931435,0.2465533
1990.0,"('Japan', 'Malaysia')",0.68452380952381,0.3855565,0.3855565,2.277031
1990.0,"('Japan', 'Saudi Arabia')",0.69047619047619,0.47768845000000004,0.47768845000000004,2.0927671
1990.0,"('Japan', 'Singapore')",0.702380952380952,0.6463254500000001,0.6463254500000001,1.7554931
1990.0,"('Japan', 'Thailand')",0.689024390243902,0.5607405000000001,0.5607405000000001,1.926663
1990.0,"('Malaysia', 'Saudi Arabia')",0.994186046511628,-0.66082705,-0.66082705,0.1842639
1990.0,"('Malaysia', 'Singapore')",0.982558139534884,-0.49219005000000005,-0.49219005000000005,0.5215379
1990.0,"('Malaysia', 'Thailand')",0.988095238095238,-0.577775,-0.577775,0.350368
1990.0,"('Saudi Arabia', 'Singapore')",0.988372093023256,-0.40005809999999997,-0.40005809999999997,0.337274
1990.0,"('Saudi Arabia', 'Thailand')",0.994047619047619,-0.48564304999999997,-0.48564304999999997,0.1661041
1990.0,"('Singapore', 'Thailand')",0.982142857142857,-0.31700605,-0.31700605,0.1711699
1991.0,"('China', 'Japan')",0.695652173913043,0.5133718500000001,0.5133718500000001,1.6205703
1991.0,"('China', 'Malaysia')",0.971428571428571,-0.81487965,-0.81487965,1.0359327
1991.0,"('China', 'Saudi Arabia')",0.971014492753623,-0.5726861,-0.5726861,0.5515456
1991.0,"('China', 'Singapore')",0.957142857142857,-0.36510375,-0.36510375,0.1363809
1991.0,"('China', 'Thailand')",0.964285714285714,-0.44855745,-0.44855745,0.3032883
1991.0,"('Japan', 'Malaysia')",0.678082191780822,-0.004594499999999946,-0.004594499999999946,2.656503
1991.0,"('Japan', 'Saudi Arabia')",0.694444444444444,0.23759905000000003,0.23759905000000003,2.1721159
1991.0,"('Japan', 'Singapore')",0.719178082191781,0.44518140000000006,0.44518140000000006,1.7569512
1991.0,"('Japan', 'Thailand')",0.712328767123288,0.36172770000000004,0.36172770000000004,1.9238586
1991.0,"('Malaysia', 'Saudi Arabia')",0.986486486486487,-1.0906524499999999,-1.0906524499999999,0.4843871
1991.0,"('Malaysia', 'Singapore')",0.96,-0.8830701,-0.8830701,0.8995518
1991.0,"('Malaysia', 'Thailand')",0.966666666666667,-0.9665238,-0.9665238,0.7326444
1991.0,"('Saudi Arabia', 'Singapore')",0.97972972972973,-0.64087655,-0.64087655,0.4151647
1991.0,"('Saudi Arabia', 'Thailand')",0.986486486486487,-0.72433025,-0.72433025,0.2482573
1991.0,"('Singapore', 'Thailand')",0.993333333333333,-0.5167479,-0.5167479,0.1669074
1992.0,"('China', 'Japan')",0.714285714285714,0.15311130000000006,0.15311130000000006,1.7977654
1992.0,"('China', 'Malaysia')",0.95,-0.9429862,-0.9429862,0.3944296
1992.0,"('China', 'Saudi Arabia')",0.925373134328358,-0.6091144,-0.6091144,0.273314
1992.0,"('China', 'Singapore')",0.878571428571429,-0.4519841,-0.4519841,0.5875746
1992.0,"('China', 'Thailand')",0.920289855072464,-0.64160135,-0.64160135,0.2083401
1992.0,"('Japan', 'Malaysia')",0.732876712328767,-0.04410349999999996,-0.04410349999999996,2.192195
1992.0,"('Japan', 'Saudi Arabia')",0.764285714285714,0.28976830000000003,0.28976830000000003,1.5244514
1992.0,"('Japan', 'Singapore')",0.787671232876712,0.44689860000000003,0.44689860000000003,1.2101908
1992.0,"('Japan', 'Thailand')",0.75,0.2572813500000001,0.2572813500000001,1.5894253
1992.0,"('Malaysia', 'Saudi Arabia')",0.964788732394366,-0.8063292,-0.8063292,0.6677436
1992.0,"('Malaysia', 'Singapore')",0.932432432432432,-0.6491989,-0.6491989,0.9820042
1992.0,"('Malaysia', 'Thailand')",0.965753424657534,-0.83881615,-0.83881615,0.6027697
1992.0,"('Saudi Arabia', 'Singapore')",0.964788732394366,-0.3153271,-0.3153271,0.3142606
1992.0,"('Saudi Arabia', 'Thailand')",0.971830985915493,-0.5049443499999999,-0.5049443499999999,0.0649738999999999
1992.0,"('Singapore', 'Thailand')",0.965753424657534,-0.34781405,-0.34781405,0.3792345
1993.0,"('China', 'Japan')",0.653225806451613,-0.10480800000000001,-0.10480800000000001,2.731878
1993.0,"('China', 'Malaysia')",0.959677419354839,-1.313084,-1.313084,0.315326
1993.0,"('China', 'Saudi Arabia')",0.923728813559322,-0.93988335,-0.93988335,1.0617273
1993.0,"('China', 'Singapore')",0.887096774193548,-0.84143215,-0.84143215,1.2586297
1993.0,"('China', 'Thailand')",0.92741935483871,-1.07475125,-1.07475125,0.7919915
1993.0,"('Japan', 'Malaysia')",0.6640625,0.052854999999999985,0.052854999999999985,2.416552
1993.0,"('Japan', 'Saudi Arabia')",0.713114754098361,0.42605565,0.42605565,1.6701507
1993.0,"('Japan', 'Singapore')",0.75,0.52450685,0.52450685,1.4732483
1993.0,"('Japan', 'Thailand')",0.6953125,0.29118775,0.29118775,1.9398865
1993.0,"('Malaysia', 'Saudi Arabia')",0.943548387096774,-0.78222035,-0.78222035,0.7464013
1993.0,"('Malaysia', 'Singapore')",0.915384615384615,-0.68376915,-0.68376915,0.9433037
1993.0,"('Malaysia', 'Thailand')",0.953846153846154,-0.9170882499999999,-0.9170882499999999,0.4766655
1993.0,"('Saudi Arabia', 'Singapore')",0.975806451612903,-0.3105685,-0.3105685,0.1969024
1993.0,"('Saudi Arabia', 'Thailand')",0.951612903225806,-0.5438875999999999,-0.5438875999999999,0.2697358
1993.0,"('Singapore', 'Thailand')",0.946153846153846,-0.44543639999999995,-0.44543639999999995,0.4666382
1994.0,"('China', 'Japan')",0.689393939393939,-0.19982500000000003,-0.19982500000000003,2.969698
1994.0,"('China', 'Malaysia')",0.9296875,-1.25095345,-1.25095345,0.8674411
1994.0,"('China', 'Saudi Arabia')",0.911290322580645,-1.1694396,-1.1694396,1.0304688
1994.0,"('China', 'Singapore')",0.878787878787879,-0.98858655,-0.98858655,1.3921749
1994.0,"('China', 'Thailand')",0.915384615384615,-1.1894263999999999,-1.1894263999999999,0.9904952
1994.0,"('Japan', 'Malaysia')",0.742424242424242,0.23389554999999995,0.23389554999999995,2.1022569
1994.0,"('Japan', 'Saudi Arabia')",0.7578125,0.31540939999999995,0.31540939999999995,1.9392292
1994.0,"('Japan', 'Singapore')",0.772058823529412,0.49626244999999997,0.49626244999999997,1.5775231
1994.0,"('Japan', 'Thailand')",0.738805970149254,0.2954226,0.2954226,1.9792028
1994.0,"('Malaysia', 'Saudi Arabia')",0.968253968253968,-0.73571905,-0.73571905,0.1630277
1994.0,"('Malaysia', 'Singapore')",0.939393939393939,-0.5548660000000001,-0.5548660000000001,0.5247338
1994.0,"('Malaysia', 'Thailand')",0.984615384615385,-0.75570585,-0.75570585,0.1230541
1994.0,"('Saudi Arabia', 'Singapore')",0.9453125,-0.47335215,-0.47335215,0.3617061
1994.0,"('Saudi Arabia', 'Thailand')",0.968253968253968,-0.674192,-0.674192,0.0399735999999999
1994.0,"('Singapore', 'Thailand')",0.947761194029851,-0.49333895,-0.49333895,0.4016797
1995.0,"('China', 'Japan')",0.714285714285714,-0.270892,-0.270892,2.602748
1995.0,"('China', 'Malaysia')",0.923076923076923,-1.14691305,-1.14691305,0.8507059
1995.0,"('China', 'Saudi Arabia')",0.926666666666667,-1.1486485499999999,-1.1486485499999999,0.8472349
1995.0,"('China', 'Singapore')",0.897435897435897,-0.95118865,-0.95118865,1.2421547
1995.0,"('China', 'Thailand')",0.903846153846154,-1.1601814,-1.1601814,0.8241692
1995.0,"('Japan', 'Malaysia')",0.79375,0.15446094999999993,0.15446094999999993,1.7520421
1995.0,"('Japan', 'Saudi Arabia')",0.779220779220779,0.15272544999999993,0.15272544999999993,1.7555131
1995.0,"('Japan', 'Singapore')",0.81875,0.35018534999999995,0.35018534999999995,1.3605933
1995.0,"('Japan', 'Thailand')",0.8,0.14119259999999995,0.14119259999999995,1.7785788
1995.0,"('Malaysia', 'Saudi Arabia')",0.942307692307692,-0.7232956,-0.7232956,0.003471
1995.0,"('Malaysia', 'Singapore')",0.962962962962963,-0.5258357,-0.5258357,0.3914488
1995.0,"('Malaysia', 'Thailand')",0.981481481481482,-0.73482845,-0.73482845,0.0265367
1995.0,"('Saudi Arabia', 'Singapore')",0.92948717948718,-0.5275712,-0.5275712,0.3949198
1995.0,"('Saudi Arabia', 'Thailand')",0.935897435897436,-0.7365639500000001,-0.7365639500000001,0.0230657
1995.0,"('Singapore', 'Thailand')",0.95679012345679,-0.53910405,-0.53910405,0.4179855
1996.0,"('China', 'Japan')",0.689189189189189,-0.1098555,-0.1098555,2.408023
1996.0,"('China', 'Malaysia')",0.912162162162162,-1.0204993,-1.0204993,0.5867354
1996.0,"('China', 'Saudi Arabia')",0.894366197183099,-1.0780137,-1.0780137,0.4717066
1996.0,"('China', 'Singapore')",0.891891891891892,-0.8734759,-0.8734759,0.8807822
1996.0,"('China', 'Thailand')",0.895833333333333,-0.92951155,-0.92951155,0.7687109
1996.0,"('Japan', 'Malaysia')",0.763513513513513,0.18351219999999996,0.18351219999999996,1.8212876
1996.0,"('Japan', 'Saudi Arabia')",0.774647887323944,0.12599779999999994,0.12599779999999994,1.9363164
1996.0,"('Japan', 'Singapore')",0.77027027027027,0.33053559999999993,0.33053559999999993,1.5272408
1996.0,"('Japan', 'Thailand')",0.770833333333333,0.27449994999999994,0.27449994999999994,1.6393121
1996.0,"('Malaysia', 'Saudi Arabia')",0.957746478873239,-0.784646,-0.784646,0.1150288
1996.0,"('Malaysia', 'Singapore')",0.966216216216216,-0.5801082,-0.5801082,0.2940468
1996.0,"('Malaysia', 'Thailand')",0.986111111111111,-0.6361438500000001,-0.6361438500000001,0.1819755
1996.0,"('Saudi Arabia', 'Singapore')",0.936619718309859,-0.6376226,-0.6376226,0.4090756
1996.0,"('Saudi Arabia', 'Thailand')",0.963768115942029,-0.69365825,-0.69365825,0.2970043
1996.0,"('Singapore', 'Thailand')",0.965277777777778,-0.48912045000000004,-0.48912045000000004,0.1120713
1997.0,"('China', 'Japan')",0.713414634146341,-0.14850069999999993,-0.14850069999999993,2.0582326
1997.0,"('China', 'Malaysia')",0.920731707317073,-0.9586288,-0.9586288,0.4379764
1997.0,"('China', 'Saudi Arabia')",0.9125,-0.9582109999999999,-0.9582109999999999,0.438812
1997.0,"('China', 'Singapore')",0.902439024390244,-0.891993,-0.891993,0.571248
1997.0,"('China', 'Thailand')",0.914634146341463,-0.9232296999999999,-0.9232296999999999,0.5087746
1997.0,"('Japan', 'Malaysia')",0.761363636363636,0.07048750000000004,0.07048750000000004,1.6202562
1997.0,"('Japan', 'Saudi Arabia')",0.735294117647059,0.0709053,0.0709053,1.6194206
1997.0,"('Japan', 'Singapore')",0.761363636363636,0.1371233,0.1371233,1.4869846
1997.0,"('Japan', 'Thailand')",0.772727272727273,0.10588660000000005,0.10588660000000005,1.549458
1997.0,"('Malaysia', 'Saudi Arabia')",0.941176470588235,-0.7392228000000001,-0.7392228000000001,0.0008355999999999
1997.0,"('Malaysia', 'Singapore')",0.965909090909091,-0.6730048,-0.6730048,0.1332716
1997.0,"('Malaysia', 'Thailand')",0.988636363636364,-0.7042415,-0.7042415,0.0707982
1997.0,"('Saudi Arabia', 'Singapore')",0.923529411764706,-0.672587,-0.672587,0.132436
1997.0,"('Saudi Arabia', 'Thailand')",0.941176470588235,-0.7038237,-0.7038237,0.0699626000000001
1997.0,"('Singapore', 'Thailand')",0.977272727272727,-0.6376056999999999,-0.6376056999999999,0.0624733999999999
1998.0,"('China', 'Japan')",0.772727272727273,0.1828863,0.1828863,1.1899882
1998.0,"('China', 'Malaysia')",0.902597402597403,-0.54873735,-0.54873735,0.2732591
1998.0,"('China', 'Saudi Arabia')",0.917808219178082,-0.6155314000000001,-0.6155314000000001,0.4068472
1998.0,"('China', 'Singapore')",0.88961038961039,-0.33277875,-0.33277875,0.1586581
1998.0,"('China', 'Thailand')",0.883116883116883,-0.4605224,-0.4605224,0.0968291999999999
1998.0,"('Japan', 'Malaysia')",0.807228915662651,0.04625675000000001,0.04625675000000001,1.4632473
1998.0,"('Japan', 'Saudi Arabia')",0.784810126582278,-0.02053729999999998,-0.02053729999999998,1.5968354
1998.0,"('Japan', 'Singapore')",0.819277108433735,0.26221535,0.26221535,1.0313301
1998.0,"('Japan', 'Thailand')",0.825301204819277,0.13447170000000003,0.13447170000000003,1.2868174
1998.0,"('Malaysia', 'Saudi Arabia')",0.962025316455696,-0.7521609499999999,-0.7521609499999999,0.1335881
1998.0,"('Malaysia', 'Singapore')",0.963855421686747,-0.4694083,-0.4694083,0.4319172
1998.0,"('Malaysia', 'Thailand')",0.981927710843373,-0.59715195,-0.59715195,0.1764299
1998.0,"('Saudi Arabia', 'Singapore')",0.924050632911392,-0.5362023499999999,-0.5362023499999999,0.5655053
1998.0,"('Saudi Arabia', 'Thailand')",0.943037974683544,-0.6639459999999999,-0.6639459999999999,0.310018
1998.0,"('Singapore', 'Thailand')",0.969879518072289,-0.38119335,-0.38119335,0.2554873
1999.0,"('China', 'Japan')",0.685393258426966,0.04792534999999998,0.04792534999999998,1.4068125
1999.0,"('China', 'Malaysia')",0.892045454545455,-0.66936705,-0.66936705,0.0277723
1999.0,"('China', 'Saudi Arabia')",0.91566265060241,-0.6501077,-0.6501077,0.0107464
1999.0,"('China', 'Singapore')",0.892045454545455,-0.50079765,-0.50079765,0.3093665
1999.0,"('China', 'Thailand')",0.876404494382023,-0.5716992000000001,-0.5716992000000001,0.1675634
1999.0,"('Japan', 'Malaysia')",0.736559139784946,0.03403919999999999,0.03403919999999999,1.4345848
1999.0,"('Japan', 'Saudi Arabia')",0.715909090909091,0.05329855,0.05329855,1.3960661
1999.0,"('Japan', 'Singapore')",0.747311827956989,0.2026086,0.2026086,1.097446
1999.0,"('Japan', 'Thailand')",0.75531914893617,0.13170705,0.13170705,1.2392491
1999.0,"('Malaysia', 'Saudi Arabia')",0.954545454545455,-0.66399385,-0.66399385,0.0385187
1999.0,"('Malaysia', 'Singapore')",0.956521739130435,-0.5146838,-0.5146838,0.3371388
1999.0,"('Malaysia', 'Thailand')",0.983870967741935,-0.58558535,-0.58558535,0.1953357
1999.0,"('Saudi Arabia', 'Singapore')",0.908045977011494,-0.49542445,-0.49542445,0.2986201
1999.0,"('Saudi Arabia', 'Thailand')",0.9375,-0.566326,-0.566326,0.156817
1999.0,"('Singapore', 'Thailand')",0.962365591397849,-0.41701595,-0.41701595,0.1418031
2000.0,"('China', 'Japan')",0.756578947368421,0.019728350000000006,0.019728350000000006,1.4847329
2000.0,"('China', 'Malaysia')",0.914473684210526,-0.71396535,-0.71396535,0.0173454999999999
2000.0,"('China', 'Saudi Arabia')",0.964285714285714,-0.88881805,-0.88881805,0.3323599
2000.0,"('China', 'Singapore')",0.875,-0.45617224999999995,-0.45617224999999995,0.5329317
2000.0,"('China', 'Thailand')",0.894736842105263,-0.5054246,-0.5054246,0.434427
2000.0,"('Japan', 'Malaysia')",0.792207792207792,0.028401099999999957,0.028401099999999957,1.4673874
2000.0,"('Japan', 'Saudi Arabia')",0.774647887323944,-0.14645160000000007,-0.14645160000000007,1.8170928
2000.0,"('Japan', 'Singapore')",0.818181818181818,0.28619419999999995,0.28619419999999995,0.9518012
2000.0,"('Japan', 'Thailand')",0.824675324675325,0.23694184999999998,0.23694184999999998,1.0503059
2000.0,"('Malaysia', 'Saudi Arabia')",0.936619718309859,-0.8801453000000001,-0.8801453000000001,0.3497054
2000.0,"('Malaysia', 'Singapore')",0.961038961038961,-0.44749950000000005,-0.44749950000000005,0.5155862
2000.0,"('Malaysia', 'Thailand')",0.954545454545455,-0.49675185,-0.49675185,0.4170815
2000.0,"('Saudi Arabia', 'Singapore')",0.894366197183099,-0.6223522,-0.6223522,0.8652916
2000.0,"('Saudi Arabia', 'Thailand')",0.901408450704225,-0.6716045500000001,-0.6716045500000001,0.7667869
2000.0,"('Singapore', 'Thailand')",0.967532467532468,-0.23895875,-0.23895875,0.0985047
2001.0,"('China', 'Japan')",0.75,0.11848920000000002,0.11848920000000002,1.365967
2001.0,"('China', 'Malaysia')",0.938271604938272,-0.77435695,-0.77435695,0.4197253
2001.0,"('China', 'Saudi Arabia')",0.964285714285714,-0.6150426,-0.6150426,0.1010966
2001.0,"('China', 'Singapore')",0.908536585365854,-0.41606195,-0.41606195,0.2968647
2001.0,"('China', 'Thailand')",0.926829268292683,-0.4886944,-0.4886944,0.1515998
2001.0,"('Japan', 'Malaysia')",0.759259259259259,-0.09137344999999997,-0.09137344999999997,1.7856923
2001.0,"('Japan', 'Saudi Arabia')",0.742857142857143,0.06794090000000003,0.06794090000000003,1.4670636
2001.0,"('Japan', 'Singapore')",0.804878048780488,0.26692155,0.26692155,1.0691023
2001.0,"('Japan', 'Thailand')",0.801204819277108,0.19428910000000002,0.19428910000000002,1.2143672
2001.0,"('Malaysia', 'Saudi Arabia')",0.956521739130435,-0.82490525,-0.82490525,0.3186287
2001.0,"('Malaysia', 'Singapore')",0.944444444444444,-0.6259246,-0.6259246,0.71659
2001.0,"('Malaysia', 'Thailand')",0.962962962962963,-0.69855705,-0.69855705,0.5713251
2001.0,"('Saudi Arabia', 'Singapore')",0.921428571428571,-0.46661025,-0.46661025,0.3979613
2001.0,"('Saudi Arabia', 'Thailand')",0.935714285714286,-0.5392427,-0.5392427,0.2526964
2001.0,"('Singapore', 'Thailand')",0.981707317073171,-0.34026205,-0.34026205,0.1452649
2002.0,"('China', 'Japan')",0.688118811881188,0.13809160000000004,0.13809160000000004,1.3172288
2002.0,"('China', 'Malaysia')",0.920792079207921,-0.64718095,-0.64718095,0.2533163
2002.0,"('China', 'Saudi Arabia')",0.936842105263158,-0.8246363999999999,-0.8246363999999999,0.6082272
2002.0,"('China', 'Singapore')",0.871287128712871,-0.33666134999999997,-0.33666134999999997,0.3677229
2002.0,"('China', 'Thailand')",0.856435643564356,-0.44040749999999995,-0.44040749999999995,0.1602306
2002.0,"('Japan', 'Malaysia')",0.711538461538462,0.011433450000000012,0.011433450000000012,1.5705451
2002.0,"('Japan', 'Saudi Arabia')",0.673469387755102,-0.16602199999999995,-0.16602199999999995,1.925456
2002.0,"('Japan', 'Singapore')",0.759615384615385,0.32195305,0.32195305,0.9495059
2002.0,"('Japan', 'Thailand')",0.80952380952381,0.2182069,0.2182069,1.1569982
2002.0,"('Malaysia', 'Saudi Arabia')",0.974489795918367,-0.95129455,-0.95129455,0.3549109
2002.0,"('Malaysia', 'Singapore')",0.951923076923077,-0.4633195,-0.4633195,0.6210392
2002.0,"('Malaysia', 'Thailand')",0.903846153846154,-0.56706565,-0.56706565,0.4135469
2002.0,"('Saudi Arabia', 'Singapore')",0.928571428571429,-0.64077495,-0.64077495,0.9759501
2002.0,"('Saudi Arabia', 'Thailand')",0.877551020408163,-0.7445210999999999,-0.7445210999999999,0.7684578
2002.0,"('Singapore', 'Thailand')",0.923076923076923,-0.25654604999999997,-0.25654604999999997,0.2074923
2003.0,"('China', 'Japan')",0.71978021978022,-0.08202099999999996,-0.08202099999999996,1.7116146
2003.0,"('China', 'Malaysia')",0.945054945054945,-0.9793496500000001,-0.9793496500000001,0.0830427000000001
2003.0,"('China', 'Saudi Arabia')",0.959770114942529,-1.1471041499999999,-1.1471041499999999,0.4185517
2003.0,"('China', 'Singapore')",0.906593406593407,-0.5503496999999999,-0.5503496999999999,0.7749572
2003.0,"('China', 'Thailand')",0.917582417582418,-0.5873207,-0.5873207,0.7010152
2003.0,"('Japan', 'Malaysia')",0.720430107526882,-0.12354235000000002,-0.12354235000000002,1.7946573
2003.0,"('Japan', 'Saudi Arabia')",0.696629213483146,-0.29129684999999994,-0.29129684999999994,2.1301663
2003.0,"('Japan', 'Singapore')",0.758064516129032,0.3054576,0.3054576,0.9366574
2003.0,"('Japan', 'Thailand')",0.779569892473118,0.2684866,0.2684866,1.0105994
2003.0,"('Malaysia', 'Saudi Arabia')",0.966292134831461,-1.1886255000000001,-1.1886255000000001,0.335509
2003.0,"('Malaysia', 'Singapore')",0.962365591397849,-0.5918710500000001,-0.5918710500000001,0.8579999
2003.0,"('Malaysia', 'Thailand')",0.93010752688172,-0.62884205,-0.62884205,0.7840579
2003.0,"('Saudi Arabia', 'Singapore')",0.926966292134832,-0.75962555,-0.75962555,1.1935089
2003.0,"('Saudi Arabia', 'Thailand')",0.915730337078652,-0.79659655,-0.79659655,1.1195669
2003.0,"('Singapore', 'Thailand')",0.935483870967742,-0.1998421,-0.1998421,0.073942
2004.0,"('China', 'Japan')",0.711764705882353,-0.012228400000000028,-0.012228400000000028,1.6167434
2004.0,"('China', 'Malaysia')",0.929411764705882,-0.82126765,-0.82126765,0.0013350999999999
2004.0,"('China', 'Saudi Arabia')",0.95679012345679,-1.04499605,-1.04499605,0.4487919
2004.0,"('China', 'Singapore')",0.910714285714286,-0.5064603000000001,-0.5064603000000001,0.6282796
2004.0,"('China', 'Thailand')",0.917647058823529,-0.46208780000000005,-0.46208780000000005,0.7170246
2004.0,"('Japan', 'Malaysia')",0.689655172413793,-0.01289594999999999,-0.01289594999999999,1.6180785
2004.0,"('Japan', 'Saudi Arabia')",0.692771084337349,-0.23662435000000004,-0.23662435000000004,2.0655353
2004.0,"('Japan', 'Singapore')",0.744186046511628,0.3019114,0.3019114,0.9884638
2004.0,"('Japan', 'Thailand')",0.775862068965517,0.3462839,0.3462839,0.8997188
2004.0,"('Malaysia', 'Saudi Arabia')",0.963855421686747,-1.0456636000000001,-1.0456636000000001,0.4474568
2004.0,"('Malaysia', 'Singapore')",0.941860465116279,-0.50712785,-0.50712785,0.6296147
2004.0,"('Malaysia', 'Thailand')",0.902298850574713,-0.46275535,-0.46275535,0.7183597
2004.0,"('Saudi Arabia', 'Singapore')",0.920731707317073,-0.73085625,-0.73085625,1.0770715
2004.0,"('Saudi Arabia', 'Thailand')",0.891566265060241,-0.6864837500000001,-0.6864837500000001,1.1658165
2004.0,"('Singapore', 'Thailand')",0.924418604651163,-0.147948,-0.147948,0.088745
2005.0,"('China', 'Japan')",0.702020202020202,0.010865800000000037,0.010865800000000037,1.4545176
2005.0,"('China', 'Malaysia')",0.929292929292929,-0.9384195,-0.9384195,0.444053
2005.0,"('China', 'Saudi Arabia')",0.938144329896907,-0.8389031499999999,-0.8389031499999999,0.2450203
2005.0,"('China', 'Singapore')",0.904040404040404,-0.5088574499999999,-0.5088574499999999,0.4150711
2005.0,"('China', 'Thailand')",0.909090909090909,-0.51176665,-0.51176665,0.4092527
2005.0,"('Japan', 'Malaysia')",0.688118811881188,-0.21116070000000003,-0.21116070000000003,1.8985706
2005.0,"('Japan', 'Saudi Arabia')",0.661616161616162,-0.11164435,-0.11164435,1.6995379
2005.0,"('Japan', 'Singapore')",0.732673267326733,0.21840135000000002,0.21840135000000002,1.0394465
2005.0,"('Japan', 'Thailand')",0.757425742574257,0.21549215000000002,0.21549215000000002,1.0452649
2005.0,"('Malaysia', 'Saudi Arabia')",0.934343434343434,-1.06092965,-1.06092965,0.1990327
2005.0,"('Malaysia', 'Singapore')",0.945544554455445,-0.7308839500000001,-0.7308839500000001,0.8591241
2005.0,"('Malaysia', 'Thailand')",0.910891089108911,-0.73379315,-0.73379315,0.8533057
2005.0,"('Saudi Arabia', 'Singapore')",0.914141414141414,-0.6313676,-0.6313676,0.6600914
2005.0,"('Saudi Arabia', 'Thailand')",0.888888888888889,-0.6342768,-0.6342768,0.654273
2005.0,"('Singapore', 'Thailand')",0.925742574257426,-0.3042311,-0.3042311,0.0058184
2006.0,"('China', 'Japan')",0.701834862385321,0.010860350000000019,0.010860350000000019,1.7352845
2006.0,"('China', 'Malaysia')",0.967889908256881,-0.828059,-0.828059,0.0574458
2006.0,"('China', 'Saudi Arabia')",0.916666666666667,-0.7363057,-0.7363057,0.2409524
2006.0,"('China', 'Singapore')",0.926605504587156,-0.54665845,-0.54665845,0.6202469
2006.0,"('China', 'Thailand')",0.912844036697248,-0.57846065,-0.57846065,0.5566425
2006.0,"('Japan', 'Malaysia')",0.723214285714286,0.039583250000000014,0.039583250000000014,1.6778387
2006.0,"('Japan', 'Saudi Arabia')",0.689189189189189,0.13133655,0.13133655,1.4943321
2006.0,"('Japan', 'Singapore')",0.754464285714286,0.32098380000000004,0.32098380000000004,1.1150376
2006.0,"('Japan', 'Thailand')",0.767857142857143,0.28918160000000004,0.28918160000000004,1.178642
2006.0,"('Malaysia', 'Saudi Arabia')",0.914414414414414,-0.7075828,-0.7075828,0.1835066
2006.0,"('Malaysia', 'Singapore')",0.959821428571429,-0.51793555,-0.51793555,0.5628011
2006.0,"('Malaysia', 'Thailand')",0.946428571428571,-0.54973775,-0.54973775,0.4991967
2006.0,"('Saudi Arabia', 'Singapore')",0.90990990990991,-0.42618225,-0.42618225,0.3792945
2006.0,"('Saudi Arabia', 'Thailand')",0.896396396396396,-0.45798445,-0.45798445,0.3156901
2006.0,"('Singapore', 'Thailand')",0.950892857142857,-0.2683372,-0.2683372,0.0636044
2007.0,"('China', 'Japan')",0.71195652173913,0.0020740999999999676,0.0020740999999999676,1.225174
2007.0,"('China', 'Malaysia')",0.956521739130435,-0.88331245,-0.88331245,0.5455991
2007.0,"('China', 'Saudi Arabia')",0.93956043956044,-0.7186033000000001,-0.7186033000000001,0.2161808
2007.0,"('China', 'Singapore')",0.918478260869565,-0.4335697,-0.4335697,0.3538864
2007.0,"('China', 'Thailand')",0.918478260869565,-0.42885765,-0.42885765,0.3633105
2007.0,"('Japan', 'Malaysia')",0.704301075268817,-0.27072545000000003,-0.27072545000000003,1.7707731
2007.0,"('Japan', 'Saudi Arabia')",0.717391304347826,-0.10601630000000001,-0.10601630000000001,1.4413548
2007.0,"('Japan', 'Singapore')",0.763440860215054,0.1790173,0.1790173,0.8712876
2007.0,"('Japan', 'Thailand')",0.763440860215054,0.18372934999999999,0.18372934999999999,0.8618635
2007.0,"('Malaysia', 'Saudi Arabia')",0.96195652173913,-0.9914028500000001,-0.9914028500000001,0.3294183
2007.0,"('Malaysia', 'Singapore')",0.940860215053763,-0.7063692500000001,-0.7063692500000001,0.8994855
2007.0,"('Malaysia', 'Thailand')",0.919354838709677,-0.7016572,-0.7016572,0.9089096
2007.0,"('Saudi Arabia', 'Singapore')",0.934782608695652,-0.5416601,-0.5416601,0.5700672
2007.0,"('Saudi Arabia', 'Thailand')",0.934782608695652,-0.53694805,-0.53694805,0.5794913
2007.0,"('Singapore', 'Thailand')",0.956989247311828,-0.25191445,-0.25191445,0.0094240999999999
2008.0,"('China', 'Japan')",0.709677419354839,-0.05321429999999999,-0.05321429999999999,1.1980432
2008.0,"('China', 'Malaysia')",0.935483870967742,-0.77638195,-0.77638195,0.2482921
2008.0,"('China', 'Saudi Arabia')",0.912087912087912,-0.7968637000000001,-0.7968637000000001,0.2892556
2008.0,"('China', 'Singapore')",0.898936170212766,-0.5180312,-0.5180312,0.2684094
2008.0,"('China', 'Thailand')",0.887096774193548,-0.47076255,-0.47076255,0.3629467
2008.0,"('Japan', 'Malaysia')",0.747368421052632,-0.17736035,-0.17736035,1.4463353
2008.0,"('Japan', 'Saudi Arabia')",0.693548387096774,-0.19784210000000002,-0.19784210000000002,1.4872988
2008.0,"('Japan', 'Singapore')",0.794736842105263,0.08099039999999999,0.08099039999999999,0.9296338
2008.0,"('Japan', 'Thailand')",0.803191489361702,0.12825904999999999,0.12825904999999999,0.8350965
2008.0,"('Malaysia', 'Saudi Arabia')",0.913978494623656,-0.9210097500000001,-0.9210097500000001,0.0409635
2008.0,"('Malaysia', 'Singapore')",0.942105263157895,-0.64217725,-0.64217725,0.5167015
2008.0,"('Malaysia', 'Thailand')",0.941489361702128,-0.5949086,-0.5949086,0.6112388
2008.0,"('Saudi Arabia', 'Singapore')",0.881720430107527,-0.662659,-0.662659,0.557665
2008.0,"('Saudi Arabia', 'Thailand')",0.880434782608696,-0.61539035,-0.61539035,0.6522023
2008.0,"('Singapore', 'Thailand')",0.968421052631579,-0.33655785000000005,-0.33655785000000005,0.0945373
2009.0,"('China', 'Japan')",0.732142857142857,-0.003315149999999989,-0.003315149999999989,1.2399049
2009.0,"('China', 'Malaysia')",0.964285714285714,-0.8588003,-0.8588003,0.4710654
2009.0,"('China', 'Saudi Arabia')",0.897590361445783,-0.7129438,-0.7129438,0.1793524
2009.0,"('China', 'Singapore')",0.941176470588235,-0.52420545,-0.52420545,0.1981243
2009.0,"('China', 'Thailand')",0.941176470588235,-0.5632853,-0.5632853,0.1199646
2009.0,"('Japan', 'Malaysia')",0.726190476190476,-0.23884784999999997,-0.23884784999999997,1.7109703
2009.0,"('Japan', 'Saudi Arabia')",0.702380952380952,-0.09299134999999997,-0.09299134999999997,1.4192573
2009.0,"('Japan', 'Singapore')",0.758823529411765,0.09574700000000003,0.09574700000000003,1.0417806
2009.0,"('Japan', 'Thailand')",0.758823529411765,0.056667150000000055,0.056667150000000055,1.1199403
2009.0,"('Malaysia', 'Saudi Arabia')",0.921686746987952,-0.9484765,-0.9484765,0.291713
2009.0,"('Malaysia', 'Singapore')",0.958823529411765,-0.75973815,-0.75973815,0.6691897
2009.0,"('Malaysia', 'Thailand')",0.958823529411765,-0.798818,-0.798818,0.59103
2009.0,"('Saudi Arabia', 'Singapore')",0.922619047619048,-0.61388165,-0.61388165,0.3774767
2009.0,"('Saudi Arabia', 'Thailand')",0.922619047619048,-0.6529615,-0.6529615,0.299317
2009.0,"('Singapore', 'Thailand')",0.988372093023256,-0.46422315,-0.46422315,0.0781596999999999
2010.0,"('China', 'Japan')",0.775862068965517,-0.09676895000000002,-0.09676895000000002,1.5079579
2010.0,"('China', 'Malaysia')",0.96551724137931,-1.02689495,-1.02689495,0.3522941
2010.0,"('China', 'Saudi Arabia')",0.958823529411765,-0.8975971,-0.8975971,0.0936984
2010.0,"('China', 'Singapore')",0.942528735632184,-0.6699532500000001,-0.6699532500000001,0.3615893
2010.0,"('China', 'Thailand')",0.931034482758621,-0.6999757,-0.6999757,0.3015444
2010.0,"('Japan', 'Malaysia')",0.789772727272727,-0.272916,-0.272916,1.860252
2010.0,"('Japan', 'Saudi Arabia')",0.796511627906977,-0.14361815,-0.14361815,1.6016563
2010.0,"('Japan', 'Singapore')",0.823863636363636,0.08402569999999998,0.08402569999999998,1.1463686
2010.0,"('Japan', 'Thailand')",0.8125,0.05400325,0.05400325,1.2064135
2010.0,"('Malaysia', 'Saudi Arabia')",0.976744186046512,-1.07374415,-1.07374415,0.2585957
2010.0,"('Malaysia', 'Singapore')",0.965909090909091,-0.8461003,-0.8461003,0.7138834
2010.0,"('Malaysia', 'Thailand')",0.954545454545455,-0.87612275,-0.87612275,0.6538385
2010.0,"('Saudi Arabia', 'Singapore')",0.976744186046512,-0.71680245,-0.71680245,0.4552877
2010.0,"('Saudi Arabia', 'Thailand')",0.965116279069767,-0.7468249,-0.7468249,0.3952428
2010.0,"('Singapore', 'Thailand')",0.977272727272727,-0.51918105,-0.51918105,0.0600449
2011.0,"('China', 'Japan')",0.7,-0.03231999999999996,-0.03231999999999996,1.4304472
2011.0,"('China', 'Malaysia')",0.9,-0.73062615,-0.73062615,0.0338349
2011.0,"('China', 'Saudi Arabia')",0.826315789473684,-0.7725656999999999,-0.7725656999999999,0.0500442
2011.0,"('China', 'Singapore')",0.926315789473684,-0.73300135,-0.73300135,0.0290845
2011.0,"('China', 'Thailand')",0.905263157894737,-0.59241875,-0.59241875,0.3102497
2011.0,"('Japan', 'Malaysia')",0.762886597938144,-0.01540254999999996,-0.01540254999999996,1.3966123
2011.0,"('Japan', 'Saudi Arabia')",0.711340206185567,-0.05734209999999995,-0.05734209999999995,1.4804914
2011.0,"('Japan', 'Singapore')",0.747422680412371,-0.01777774999999998,-0.01777774999999998,1.4013627
2011.0,"('Japan', 'Thailand')",0.768041237113402,0.12280485000000002,0.12280485000000002,1.1201975
2011.0,"('Malaysia', 'Saudi Arabia')",0.927835051546392,-0.7556482499999999,-0.7556482499999999,0.0838791
2011.0,"('Malaysia', 'Singapore')",0.974226804123711,-0.7160839,-0.7160839,0.0047504
2011.0,"('Malaysia', 'Thailand')",0.963917525773196,-0.5755013,-0.5755013,0.2764148
2011.0,"('Saudi Arabia', 'Singapore')",0.902061855670103,-0.75802345,-0.75802345,0.0791286999999999
2011.0,"('Saudi Arabia', 'Thailand')",0.912371134020619,-0.6174408499999999,-0.6174408499999999,0.3602939
2011.0,"('Singapore', 'Thailand')",0.979381443298969,-0.5778765,-0.5778765,0.2811652
2012.0,"('China', 'Japan')",0.738372093023256,-0.11966925,-0.11966925,1.4802923
2012.0,"('China', 'Malaysia')",0.895348837209302,-0.8317012500000001,-0.8317012500000001,0.0562283
2012.0,"('China', 'Saudi Arabia')",0.91358024691358,-1.0321251999999999,-1.0321251999999999,0.3446196
2012.0,"('China', 'Singapore')",0.88953488372093,-0.62377635,-0.62377635,0.4720781
2012.0,"('China', 'Thailand')",0.882352941176471,-0.6589515,-0.6589515,0.4017278
2012.0,"('Japan', 'Malaysia')",0.8125,-0.0915551,-0.0915551,1.424064
2012.0,"('Japan', 'Saudi Arabia')",0.783132530120482,-0.29197904999999996,-0.29197904999999996,1.8249119
2012.0,"('Japan', 'Singapore')",0.818181818181818,0.1163698,0.1163698,1.0082142
2012.0,"('Japan', 'Thailand')",0.827586206896552,0.08119465000000001,0.08119465000000001,1.0785645
2012.0,"('Malaysia', 'Saudi Arabia')",0.951807228915663,-1.00401105,-1.00401105,0.4008479
2012.0,"('Malaysia', 'Singapore')",0.971590909090909,-0.5956622,-0.5956622,0.4158498
2012.0,"('Malaysia', 'Thailand')",0.96551724137931,-0.63083735,-0.63083735,0.3454995
2012.0,"('Saudi Arabia', 'Singapore')",0.921686746987952,-0.7960861499999999,-0.7960861499999999,0.8166977
2012.0,"('Saudi Arabia', 'Thailand')",0.920731707317073,-0.8312613,-0.8312613,0.7463474
2012.0,"('Singapore', 'Thailand')",0.959770114942529,-0.42291245,-0.42291245,0.0703503
2013.0,"('China', 'Japan')",0.6875,0.10149919999999996,0.10149919999999996,1.221372
2013.0,"('China', 'Malaysia')",0.9140625,-0.56319395,-0.56319395,0.1080143
2013.0,"('China', 'Saudi Arabia')",0.888888888888889,-0.69371535,-0.69371535,0.3690571
2013.0,"('China', 'Singapore')",0.9375,-0.5774444000000001,-0.5774444000000001,0.1365152
2013.0,"('China', 'Thailand')",0.9140625,-0.4668182,-0.4668182,0.0847372000000001
2013.0,"('Japan', 'Malaysia')",0.7265625,0.04749205000000001,0.04749205000000001,1.3293863
2013.0,"('Japan', 'Saudi Arabia')",0.698412698412698,-0.08302935,-0.08302935,1.5904291
2013.0,"('Japan', 'Singapore')",0.71875,0.03324159999999998,0.03324159999999998,1.3578872
2013.0,"('Japan', 'Thailand')",0.7421875,0.1438678,0.1438678,1.1366348
2013.0,"('Malaysia', 'Saudi Arabia')",0.96031746031746,-0.7477225,-0.7477225,0.2610428
2013.0,"('Malaysia', 'Singapore')",0.9765625,-0.63145155,-0.63145155,0.0285009000000001
2013.0,"('Malaysia', 'Thailand')",0.984375,-0.52082535,-0.52082535,0.1927515
2013.0,"('Saudi Arabia', 'Singapore')",0.952380952380952,-0.76197295,-0.76197295,0.2325419
2013.0,"('Saudi Arabia', 'Thailand')",0.944444444444444,-0.65134675,-0.65134675,0.4537943
2013.0,"('Singapore', 'Thailand')",0.9765625,-0.5350758,-0.5350758,0.2212524
2014.0,"('China', 'Japan')",0.66025641025641,0.031881400000000004,0.031881400000000004,1.7577972
2014.0,"('China', 'Malaysia')",0.935897435897436,-0.84297955,-0.84297955,0.0080753
2014.0,"('China', 'Saudi Arabia')",0.916666666666667,-0.9584936000000001,-0.9584936000000001,0.2229528
2014.0,"('China', 'Singapore')",0.923076923076923,-0.6495194,-0.6495194,0.3949956
2014.0,"('China', 'Thailand')",0.903846153846154,-0.6393420000000001,-0.6393420000000001,0.4153504
2014.0,"('Japan', 'Malaysia')",0.70625,0.03591905000000001,0.03591905000000001,1.7497219
2014.0,"('Japan', 'Saudi Arabia')",0.6875,-0.07959500000000003,-0.07959500000000003,1.98075
2014.0,"('Japan', 'Singapore')",0.71875,0.2293792,0.2293792,1.3628016
2014.0,"('Japan', 'Thailand')",0.725,0.2395566,0.2395566,1.3424468
2014.0,"('Malaysia', 'Saudi Arabia')",0.96875,-0.95445595,-0.95445595,0.2310281
2014.0,"('Malaysia', 'Singapore')",0.9625,-0.6454817500000001,-0.6454817500000001,0.3869203
2014.0,"('Malaysia', 'Thailand')",0.95625,-0.63530435,-0.63530435,0.4072751
2014.0,"('Saudi Arabia', 'Singapore')",0.93125,-0.7609958000000001,-0.7609958000000001,0.6179484
2014.0,"('Saudi Arabia', 'Thailand')",0.925,-0.7508184,-0.7508184,0.6383032
2014.0,"('Singapore', 'Thailand')",0.96875,-0.4418442,-0.4418442,0.0203548
2015.0,"('China', 'Japan')",0.694444444444444,0.21565099999999998,0.21565099999999998,0.9166494
2015.0,"('China', 'Malaysia')",0.854166666666667,-0.5008816,-0.5008816,0.5164158
2015.0,"('China', 'Saudi Arabia')",0.840277777777778,-0.5909861000000001,-0.5909861000000001,0.6966248
2015.0,"('China', 'Singapore')",0.868055555555556,-0.4656179,-0.4656179,0.4458884
2015.0,"('China', 'Thailand')",0.847222222222222,-0.3550045,-0.3550045,0.2246616
2015.0,"('Japan', 'Malaysia')",0.732876712328767,-0.04255690000000001,-0.04255690000000001,1.4330652
2015.0,"('Japan', 'Saudi Arabia')",0.705479452054795,-0.13266140000000004,-0.13266140000000004,1.6132742
2015.0,"('Japan', 'Singapore')",0.732876712328767,-0.0072932,-0.0072932,1.3625378
2015.0,"('Japan', 'Thailand')",0.753424657534247,0.10332019999999997,0.10332019999999997,1.141311
2015.0,"('Malaysia', 'Saudi Arabia')",0.958904109589041,-0.849194,-0.849194,0.180209
2015.0,"('Malaysia', 'Singapore')",0.986301369863014,-0.7238258,-0.7238258,0.0705274
2015.0,"('Malaysia', 'Thailand')",0.979452054794521,-0.6132124,-0.6132124,0.2917542
2015.0,"('Saudi Arabia', 'Singapore')",0.945205479452055,-0.8139303,-0.8139303,0.2507364
2015.0,"('Saudi Arabia', 'Thailand')",0.952054794520548,-0.7033169,-0.7033169,0.4719632
2015.0,"('Singapore', 'Thailand')",0.979452054794521,-0.5779487,-0.5779487,0.2212268
2016.0,"('China', 'Japan')",0.662393162393162,0.13993070000000002,0.13993070000000002,1.1959148
2016.0,"('China', 'Malaysia')",0.824561403508772,-0.60093105,-0.60093105,0.2858087
2016.0,"('China', 'Saudi Arabia')",0.799145299145299,-0.6184246,-0.6184246,0.3207958
2016.0,"('China', 'Singapore')",0.841880341880342,-0.5470463999999999,-0.5470463999999999,0.1780394
2016.0,"('China', 'Thailand')",0.794871794871795,-0.4698295,-0.4698295,0.0236056
2016.0,"('Japan', 'Malaysia')",0.782608695652174,-0.0029736499999999944,-0.0029736499999999944,1.4817235
2016.0,"('Japan', 'Saudi Arabia')",0.703389830508475,-0.020467199999999963,-0.020467199999999963,1.5167106
2016.0,"('Japan', 'Singapore')",0.779661016949153,0.05091100000000004,0.05091100000000004,1.3739542
2016.0,"('Japan', 'Thailand')",0.809322033898305,0.12812790000000002,0.12812790000000002,1.2195204
2016.0,"('Malaysia', 'Saudi Arabia')",0.891304347826087,-0.76132895,-0.76132895,0.0349870999999999
2016.0,"('Malaysia', 'Singapore')",0.952173913043478,-0.68995075,-0.68995075,0.1077693
2016.0,"('Malaysia', 'Thailand')",0.956521739130435,-0.61273385,-0.61273385,0.2622031
2016.0,"('Saudi Arabia', 'Singapore')",0.88135593220339,-0.7074442999999999,-0.7074442999999999,0.1427564
2016.0,"('Saudi Arabia', 'Thailand')",0.860169491525424,-0.6302274,-0.6302274,0.2971902
2016.0,"('Singapore', 'Thailand')",0.944915254237288,-0.5588492,-0.5588492,0.1544338
2017.0,"('China', 'Japan')",0.675,0.13992709999999997,0.13992709999999997,1.0126156
2017.0,"('China', 'Malaysia')",0.771186440677966,-0.5443294000000001,-0.5443294000000001,0.3558974
2017.0,"('China', 'Saudi Arabia')",0.8,-0.49456805,-0.49456805,0.2563747
2017.0,"('China', 'Singapore')",0.789256198347107,-0.5624599,-0.5624599,0.3921584
2017.0,"('China', 'Thailand')",0.776859504132231,-0.46263775,-0.46263775,0.1925141
2017.0,"('Japan', 'Malaysia')",0.747899159663866,-0.038021600000000044,-0.038021600000000044,1.368513
2017.0,"('Japan', 'Saudi Arabia')",0.735537190082645,0.011739749999999993,0.011739749999999993,1.2689903
2017.0,"('Japan', 'Singapore')",0.774590163934426,-0.05615210000000004,-0.05615210000000004,1.404774
2017.0,"('Japan', 'Thailand')",0.778688524590164,0.04367004999999996,0.04367004999999996,1.2051297
2017.0,"('Malaysia', 'Saudi Arabia')",0.941666666666667,-0.67251675,-0.67251675,0.0995227000000001
2017.0,"('Malaysia', 'Singapore')",0.9625,-0.7404086000000001,-0.7404086000000001,0.036261
2017.0,"('Malaysia', 'Thailand')",0.966666666666667,-0.64058645,-0.64058645,0.1633833
2017.0,"('Saudi Arabia', 'Singapore')",0.94672131147541,-0.69064725,-0.69064725,0.1357837
2017.0,"('Saudi Arabia', 'Thailand')",0.934426229508197,-0.5908251,-0.5908251,0.0638605999999999
2017.0,"('Singapore', 'Thailand')",0.963414634146341,-0.6587169500000001,-0.6587169500000001,0.1996443
2018.0,"('China', 'Japan')",0.688172043010753,0.12990865000000001,0.12990865000000001,1.2800857
2018.0,"('China', 'Malaysia')",0.858695652173913,-0.6048842,-0.6048842,0.1895
2018.0,"('China', 'Saudi Arabia')",0.860215053763441,-0.6035391999999999,-0.6035391999999999,0.18681
2018.0,"('China', 'Singapore')",0.870967741935484,-0.46387480000000003,-0.46387480000000003,0.0925188
2018.0,"('China', 'Thailand')",0.849462365591398,-0.432398,-0.432398,0.1554724
2018.0,"('Japan', 'Malaysia')",0.728723404255319,0.035158650000000014,0.035158650000000014,1.4695857
2018.0,"('Japan', 'Saudi Arabia')",0.731578947368421,0.03650365,0.03650365,1.4668957
2018.0,"('Japan', 'Singapore')",0.768421052631579,0.17616805,0.17616805,1.1875669
2018.0,"('Japan', 'Thailand')",0.773684210526316,0.20764485,0.20764485,1.1246133
2018.0,"('Malaysia', 'Saudi Arabia')",0.968085106382979,-0.6982892,-0.6982892,0.0026899999999999
2018.0,"('Malaysia', 'Singapore')",0.941489361702128,-0.5586248,-0.5586248,0.2820188
2018.0,"('Malaysia', 'Thailand')",0.957446808510638,-0.527148,-0.527148,0.3449724
2018.0,"('Saudi Arabia', 'Singapore')",0.931578947368421,-0.5572798,-0.5572798,0.2793288
2018.0,"('Saudi Arabia', 'Thailand')",0.936842105263158,-0.525803,-0.525803,0.3422824
2018.0,"('Singapore', 'Thailand')",0.952631578947368,-0.3861386,-0.3861386,0.0629536
2019.0,"('China', 'Japan')",0.679775280898876,0.16326129999999997,0.16326129999999997,1.0640494
2019.0,"('China', 'Malaysia')",0.870786516853933,-0.52926005,-0.52926005,0.3209933
2019.0,"('China', 'Saudi Arabia')",0.837078651685393,-0.4046129,-0.4046129,0.071699
2019.0,"('China', 'Singapore')",0.882022471910112,-0.42045165,-0.42045165,0.1033765
2019.0,"('China', 'Thailand')",0.870786516853933,-0.4276343,-0.4276343,0.1177418
2019.0,"('Japan', 'Malaysia')",0.725274725274725,0.0027646499999999796,0.0027646499999999796,1.3850427
2019.0,"('Japan', 'Saudi Arabia')",0.725274725274725,0.1274118,0.1274118,1.1357484
2019.0,"('Japan', 'Singapore')",0.747252747252747,0.11157304999999998,0.11157304999999998,1.1674259
2019.0,"('Japan', 'Thailand')",0.747252747252747,0.10439039999999997,0.10439039999999997,1.1817912
2019.0,"('Malaysia', 'Saudi Arabia')",0.956043956043956,-0.56510955,-0.56510955,0.2492943
2019.0,"('Malaysia', 'Singapore')",0.978021978021978,-0.5809483,-0.5809483,0.2176168
2019.0,"('Malaysia', 'Thailand')",0.978021978021978,-0.58813095,-0.58813095,0.2032515
2019.0,"('Saudi Arabia', 'Singapore')",0.934065934065934,-0.45630115,-0.45630115,0.0316775
2019.0,"('Saudi Arabia', 'Thailand')",0.945054945054945,-0.4634838,-0.4634838,0.0460428000000001
2019.0,"('Singapore', 'Thailand')",0.978021978021978,-0.47932255,-0.47932255,0.0143653
2020.0,"('China', 'Japan')",0.718085106382979,0.00851105000000002,0.00851105000000002,1.1944537
2020.0,"('China', 'Malaysia')",0.840425531914894,-0.63389925,-0.63389925,0.0903669
2020.0,"('China', 'Saudi Arabia')",0.835106382978723,-0.5777723,-0.5777723,0.021887
2020.0,"('China', 'Singapore')",0.845744680851064,-0.47071385,-0.47071385,0.2360039
2020.0,"('China', 'Thailand')",0.835106382978723,-0.4551294,-0.4551294,0.2671728
2020.0,"('Japan', 'Malaysia')",0.776041666666667,-0.036672399999999994,-0.036672399999999994,1.2848206
2020.0,"('Japan', 'Saudi Arabia')",0.78125,0.019454550000000015,0.019454550000000015,1.1725667
2020.0,"('Japan', 'Singapore')",0.833333333333333,0.12651300000000001,0.12651300000000001,0.9584498
2020.0,"('Japan', 'Thailand')",0.822916666666667,0.14209745000000001,0.14209745000000001,0.9272809
2020.0,"('Malaysia', 'Saudi Arabia')",0.963541666666667,-0.62295575,-0.62295575,0.1122539
2020.0,"('Malaysia', 'Singapore')",0.942708333333333,-0.5158973,-0.5158973,0.3263708
2020.0,"('Malaysia', 'Thailand')",0.953125,-0.50031285,-0.50031285,0.3575397
2020.0,"('Saudi Arabia', 'Singapore')",0.927083333333333,-0.45977035,-0.45977035,0.2141169
2020.0,"('Saudi Arabia', 'Thailand')",0.9375,-0.4441859,-0.4441859,0.2452858
2020.0,"('Singapore', 'Thailand')",0.96875,-0.33712745,-0.33712745,0.0311689
2021.0,"('China', 'Japan')",0.673333333333333,0.22818429999999998,0.22818429999999998,1.002077
2021.0,"('China', 'Malaysia')",0.863636363636364,-0.4745389,-0.4745389,0.4033694
2021.0,"('China', 'Saudi Arabia')",0.837662337662338,-0.27466199999999996,-0.27466199999999996,0.0036156
2021.0,"('China', 'Singapore')",0.857142857142857,-0.3273619,-0.3273619,0.1090154
2021.0,"('China', 'Thailand')",0.844155844155844,-0.29631545000000004,-0.29631545000000004,0.0469225
2021.0,"('Japan', 'Malaysia')",0.7,0.026499599999999957,0.026499599999999957,1.4054464
2021.0,"('Japan', 'Saudi Arabia')",0.7,0.22637649999999998,0.22637649999999998,1.0056926
2021.0,"('Japan', 'Singapore')",0.726666666666667,0.1736766,0.1736766,1.1110924
2021.0,"('Japan', 'Thailand')",0.733333333333333,0.20472304999999996,0.20472304999999996,1.0489995
2021.0,"('Malaysia', 'Saudi Arabia')",0.935064935064935,-0.4763467,-0.4763467,0.3997538
2021.0,"('Malaysia', 'Singapore')",0.967532467532468,-0.5290466,-0.5290466,0.294354
2021.0,"('Malaysia', 'Thailand')",0.967532467532468,-0.49800015000000003,-0.49800015000000003,0.3564469
2021.0,"('Saudi Arabia', 'Singapore')",0.928571428571429,-0.3291697,-0.3291697,0.1053998
2021.0,"('Saudi Arabia', 'Thailand')",0.928571428571429,-0.29812325,-0.29812325,0.0433069
2021.0,"('Singapore', 'Thailand')",0.974025974025974,-0.35082315,-0.35082315,0.0620929
2022.0,"('China', 'Japan')",0.597701149425287,-0.12513820000000003,-0.12513820000000003,1.9346696
2022.0,"('China', 'Malaysia')",0.844827586206897,-0.85681615,-0.85681615,0.4713137
2022.0,"('China', 'Saudi Arabia')",0.837209302325581,-0.89918795,-0.89918795,0.3865701
2022.0,"('China', 'Singapore')",0.833333333333333,-0.6953876,-0.6953876,0.7941708
2022.0,"('China', 'Thailand')",0.82183908045977,-0.7148579,-0.7148579,0.7552302
2022.0,"('Japan', 'Malaysia')",0.6875,0.11051865,0.11051865,1.4633559
2022.0,"('Japan', 'Saudi Arabia')",0.67816091954023,0.06814684999999998,0.06814684999999998,1.5480995
2022.0,"('Japan', 'Singapore')",0.732954545454545,0.27194719999999994,0.27194719999999994,1.1404988
2022.0,"('Japan', 'Thailand')",0.732954545454545,0.2524769,0.2524769,1.1794394
2022.0,"('Malaysia', 'Saudi Arabia')",0.931034482758621,-0.6635310999999999,-0.6635310999999999,0.0847436
2022.0,"('Malaysia', 'Singapore')",0.931818181818182,-0.45973074999999997,-0.45973074999999997,0.3228571
2022.0,"('Malaysia', 'Thailand')",0.954545454545455,-0.47920105,-0.47920105,0.2839165
2022.0,"('Saudi Arabia', 'Singapore')",0.908045977011494,-0.50210255,-0.50210255,0.4076007
2022.0,"('Saudi Arabia', 'Thailand')",0.919540229885057,-0.52157285,-0.52157285,0.3686601
2022.0,"('Singapore', 'Thailand')",0.931818181818182,-0.3177725,-0.3177725,0.0389406
2023.0,"('China', 'Japan')",0.616279069767442,0.005308650000000026,0.005308650000000026,1.6119743
2023.0,"('China', 'Malaysia')",0.825581395348837,-0.7533506999999999,-0.7533506999999999,0.0946556
2023.0,"('China', 'Saudi Arabia')",0.829411764705882,-0.7801382,-0.7801382,0.0410805999999999
2023.0,"('China', 'Singapore')",0.813953488372093,-0.5582669,-0.5582669,0.4848232
2023.0,"('China', 'Thailand')",0.808139534883721,-0.57370615,-0.57370615,0.4539447
2023.0,"('Japan', 'Malaysia')",0.683908045977011,0.05263645,0.05263645,1.5173187
2023.0,"('Japan', 'Saudi Arabia')",0.63953488372093,0.02584894999999998,0.02584894999999998,1.5708937
2023.0,"('Japan', 'Singapore')",0.729885057471264,0.24772025,0.24772025,1.1271511
2023.0,"('Japan', 'Thailand')",0.724137931034483,0.23228100000000002,0.23228100000000002,1.1580296
2023.0,"('Malaysia', 'Saudi Arabia')",0.924418604651163,-0.7328104,-0.7328104,0.053575
2023.0,"('Malaysia', 'Singapore')",0.942528735632184,-0.5109391,-0.5109391,0.3901676
2023.0,"('Malaysia', 'Thailand')",0.948275862068966,-0.52637835,-0.52637835,0.3592891
2023.0,"('Saudi Arabia', 'Singapore')",0.877906976744186,-0.5377266,-0.5377266,0.4437426
2023.0,"('Saudi Arabia', 'Thailand')",0.872093023255814,-0.5531658500000001,-0.5531658500000001,0.4128641
2023.0,"('Singapore', 'Thailand')",0.959770114942529,-0.33129454999999997,-0.33129454999999997,0.0308785
